x,y,pen
0,0,1
0,1,2
0,2,2
0,3,2
0,4,2
0,5,2
0,6,2
0,7,2
0,8,2
0,9,2
0,10,2
0,11,2
0,12,2
0,13,2
0,14,2
0,15,2
0,16,2
0,17,2
0,18,2
0,19,2
0,20,2
0,21,2
0,22,2
0,23,2
0,24,2
0,25,2
0,26,2
0,27,2
0,28,2
0,29,2
0,30,2
0,31,2
0,32,2
0,33,2
0,34,2
0,35,2
0,36,2
0,37,2
0,38,2
0,39,2
0,40,2
0,41,2
0,42,2
0,43,2
0,44,2
0,45,2
0,46,2
0,47,2
0,48,2
0,49,2
0,50,2
0,51,2
0,52,2
0,53,2
0,54,2
0,55,2
0,56,2
0,57,2
0,58,2
0,59,2
0,60,2
0,61,2
0,62,2
0,63,2
0,64,2
0,65,2
0,66,2
0,67,2
0,68,2
0,69,2
0,70,2
0,71,2
0,72,2
0,73,2
0,74,2
0,75,2
0,76,2
0,77,2
0,78,2
0,79,2
0,80,2
0,81,2
0,82,2
0,83,2
0,84,2
0,85,2
0,86,2
0,87,2
0,88,2
0,89,2
0,90,2
0,91,2
0,92,2
0,93,2
0,94,2
0,95,2
0,96,2
0,97,2
0,98,2
0,99,2
0,100,2
0,101,2
0,102,2
0,103,2
0,104,2
0,105,2
0,106,2
0,107,2
0,108,2
0,109,2
0,110,2
0,111,2
0,112,2
0,113,2
0,114,2
0,115,2
0,116,2
0,117,2
0,118,2
0,119,2
0,120,2
0,121,2
0,122,2
0,123,2
0,124,2
0,125,2
0,126,2
0,127,2
0,128,2
0,129,2
0,130,2
0,131,2
0,132,2
0,133,2
0,134,2
0,135,2
0,136,2
0,137,2
0,138,2
0,139,2
0,140,2
0,141,2
0,142,2
0,143,2
0,144,2
0,145,2
0,146,2
0,147,2
0,148,2
0,149,2
0,150,2
0,151,2
0,152,2
0,153,2
0,154,2
0,155,2
0,156,2
0,157,2
0,158,2
0,159,2
0,160,2
0,161,2
0,162,2
0,163,2
0,164,2
0,165,2
0,166,2
0,167,2
0,168,2
0,169,2
0,170,2
0,171,2
0,172,2
0,173,2
0,174,2
0,175,2
0,176,2
0,177,2
0,178,2
0,179,2
0,180,2
0,181,2
0,182,2
0,183,2
0,184,2
0,185,2
0,186,2
0,187,2
0,188,2
0,189,2
0,190,2
0,191,2
0,192,2
0,193,2
0,194,2
0,195,2
0,196,2
0,197,2
0,198,2
0,199,2
0,200,2
0,201,2
0,202,2
0,203,2
0,204,2
0,205,2
0,206,2
0,207,2
0,208,2
0,209,2
0,210,2
0,211,2
0,212,2
0,213,2
0,214,2
0,215,2
0,216,2
0,217,2
0,218,2
0,219,2
0,220,2
0,221,2
0,222,2
0,223,2
0,224,2
0,225,2
0,226,2
0,227,2
0,228,2
0,229,2
0,230,2
0,231,2
0,232,2
0,233,2
0,234,2
0,235,2
0,236,2
0,237,2
0,238,2
0,239,2
0,240,2
0,241,2
0,242,2
0,243,2
0,244,2
0,245,2
0,246,2
0,247,2
0,248,2
0,249,2
0,250,2
0,251,2
0,252,2
0,253,2
0,254,2
0,255,2
0,256,2
0,257,2
0,258,2
0,259,2
0,260,2
0,261,2
0,262,2
0,263,2
0,264,2
0,265,2
0,266,2
0,267,2
0,268,2
0,269,2
0,270,2
0,271,2
0,272,2
0,273,2
0,274,2
0,275,2
0,276,2
0,277,2
0,278,2
0,279,2
0,280,2
0,281,2
0,282,2
0,283,2
0,284,2
0,285,2
0,286,2
0,287,2
0,288,2
0,289,2
0,290,2
0,291,2
0,292,2
0,293,2
0,294,2
0,295,2
0,296,2
0,297,2
0,298,2
0,299,2
0,300,2
0,301,2
0,302,2
0,303,2
0,304,2
0,305,2
0,306,2
0,307,2
0,308,2
0,309,2
0,310,2
0,311,2
0,312,2
0,313,2
0,314,2
0,315,2
0,316,2
0,317,2
0,318,2
0,319,2
0,320,2
0,321,2
0,322,2
0,323,2
0,324,2
0,325,2
0,326,2
0,327,2
0,328,2
0,329,2
0,330,2
0,331,2
0,332,2
0,333,2
0,334,2
0,335,2
0,336,2
0,337,2
0,338,2
0,339,2
0,340,2
0,341,2
0,342,2
0,343,2
0,344,2
0,345,2
0,346,2
0,347,2
0,348,2
0,349,2
0,350,2
0,351,2
0,352,2
0,353,2
0,354,2
0,355,2
0,356,2
0,357,2
0,358,2
0,359,2
0,360,2
0,361,2
0,362,2
0,363,2
0,364,2
0,365,2
0,366,2
0,367,2
0,368,2
0,369,2
0,370,2
0,371,2
0,372,2
0,373,2
0,374,2
0,375,2
0,376,2
0,377,2
0,378,2
0,379,2
0,380,2
0,381,2
0,382,2
0,383,2
0,384,2
0,385,2
0,386,2
0,387,2
0,388,2
0,389,2
0,390,2
0,391,2
0,392,2
0,393,2
0,394,2
0,395,2
0,396,2
0,397,2
0,398,2
0,399,2
0,400,2
0,401,2
0,402,2
0,403,2
0,404,2
0,405,2
0,406,2
0,407,2
0,408,2
0,409,2
0,410,2
0,411,2
0,412,2
0,413,2
0,414,2
0,415,2
0,416,2
0,417,2
0,418,2
0,419,2
0,420,2
0,421,2
0,422,2
0,423,2
0,424,2
0,425,2
0,426,2
0,427,2
0,428,2
0,429,2
0,430,2
0,431,2
0,432,2
0,433,2
0,434,2
0,435,2
0,436,2
0,437,2
0,438,2
0,439,2
0,440,2
0,441,2
0,442,2
0,443,2
0,444,2
0,445,2
0,446,2
0,447,2
0,448,2
0,449,2
0,450,2
0,451,2
0,452,2
0,453,2
0,454,2
0,455,2
0,456,2
0,457,2
0,458,2
0,459,2
0,460,2
0,461,2
0,462,2
0,463,2
0,464,2
0,465,2
0,466,2
0,467,2
0,468,2
0,469,2
0,470,2
0,471,2
0,472,2
0,473,2
0,474,2
0,475,2
0,476,2
0,477,2
0,478,2
0,479,2
0,480,2
0,481,2
0,482,2
0,483,2
0,484,2
0,485,2
0,486,2
0,487,2
0,488,2
0,489,2
0,490,2
0,491,2
0,492,2
0,493,2
0,494,2
0,495,2
0,496,2
0,497,2
0,498,2
0,499,2
0,500,2
0,501,2
0,502,2
0,503,2
0,504,2
0,505,2
0,506,2
0,507,2
0,508,2
0,509,2
0,510,2
0,511,2
0,512,2
0,513,2
0,514,2
0,515,2
0,516,2
0,517,2
0,518,2
0,519,2
0,520,2
0,521,2
0,522,2
0,523,2
0,524,2
0,525,2
0,526,2
0,527,2
0,528,2
0,529,2
0,530,2
0,531,2
0,532,2
0,533,2
0,534,2
0,535,2
0,536,2
0,537,2
0,538,2
0,539,2
0,540,2
0,541,2
0,542,2
0,543,2
0,544,2
0,545,2
0,546,2
0,547,2
0,548,2
0,549,2
0,550,2
0,551,2
0,552,2
0,553,2
0,554,2
0,555,2
0,556,2
0,557,2
0,558,2
0,559,2
0,560,2
0,561,2
0,562,2
0,563,2
0,564,2
0,565,2
0,566,2
0,567,2
0,568,2
0,569,2
0,570,2
0,571,2
0,572,2
0,573,2
0,574,2
0,575,2
0,576,2
0,577,2
0,578,2
0,579,2
0,580,2
0,581,2
0,582,2
0,583,2
0,584,2
0,585,2
0,586,2
0,587,2
0,588,2
0,589,2
0,590,2
0,591,2
0,592,2
0,593,2
0,594,2
0,595,2
0,596,2
0,597,2
0,598,2
0,599,2
0,600,2
0,601,2
0,602,2
0,603,2
0,604,2
0,605,2
0,606,2
0,607,2
0,608,2
0,609,2
0,610,2
0,611,2
0,612,2
0,613,2
0,614,2
0,615,2
0,616,2
0,617,2
0,618,2
0,619,2
0,620,2
0,621,2
0,622,2
0,623,2
0,624,2
0,625,2
0,626,2
0,627,2
0,628,2
0,629,2
0,630,2
0,631,2
0,632,2
0,633,2
0,634,2
0,635,2
0,636,2
0,637,2
0,638,2
0,639,2
0,640,2
0,641,2
0,642,2
0,643,2
0,644,2
0,645,2
0,646,2
0,647,2
0,648,2
0,649,2
0,650,2
0,651,2
0,652,2
0,653,2
0,654,2
0,655,2
0,656,2
0,657,2
0,658,2
0,659,2
0,660,2
0,661,2
0,662,2
0,663,2
0,664,2
0,665,2
0,666,2
0,667,2
0,668,2
0,669,2
0,670,2
0,671,2
0,672,2
0,673,2
0,674,2
0,675,2
0,676,2
0,677,2
0,678,2
0,679,2
0,680,2
0,681,2
0,682,2
0,683,2
0,684,2
0,685,2
0,686,2
0,687,2
0,688,2
0,689,2
0,690,2
0,691,2
0,692,2
0,693,2
0,694,2
0,695,2
0,696,2
0,697,2
0,698,2
0,699,2
0,700,2
0,701,2
0,702,2
0,703,2
0,704,2
0,705,2
0,706,2
0,707,2
0,708,2
0,709,2
0,710,2
0,711,2
0,712,2
0,713,2
0,714,2
0,715,2
0,716,2
0,717,2
0,718,2
0,719,2
0,720,2
0,721,2
0,722,2
0,723,2
0,724,2
0,725,2
0,726,2
0,727,2
0,728,2
0,729,2
0,730,2
0,731,2
0,732,2
0,733,2
0,734,2
0,735,2
0,736,2
0,737,2
0,738,2
0,739,2
0,740,2
0,741,2
0,742,2
0,743,2
0,744,2
0,745,2
0,746,2
0,747,2
0,748,2
0,749,2
0,750,2
0,751,2
0,752,2
0,753,2
0,754,2
0,755,2
0,756,2
0,757,2
0,758,2
0,759,2
0,760,2
0,761,2
0,762,2
0,763,2
0,764,2
0,765,2
0,766,2
0,767,2
0,768,2
0,769,2
0,770,2
0,771,2
0,772,2
0,773,2
0,774,2
0,775,2
0,776,2
0,777,2
0,778,2
0,779,2
0,780,2
0,781,2
0,782,2
0,783,2
0,784,2
0,785,2
0,786,2
0,787,2
0,788,2
0,789,2
0,790,2
0,791,2
0,792,2
0,793,2
0,794,2
0,795,2
0,796,2
0,797,2
0,798,2
0,799,2
0,800,2
0,801,2
0,802,2
0,803,2
0,804,2
0,805,2
0,806,2
0,807,2
0,808,2
0,809,2
0,810,2
0,811,2
0,812,2
0,813,2
0,814,2
0,815,2
0,816,2
0,817,2
0,818,2
0,819,2
0,820,2
0,821,2
0,822,2
0,823,2
0,824,2
0,825,2
0,826,2
0,827,2
0,828,2
0,829,2
0,830,2
0,831,2
0,832,2
0,833,2
0,834,2
0,835,2
0,836,2
0,837,2
0,838,2
0,839,2
0,840,2
0,841,2
0,842,2
0,843,2
0,844,2
0,845,2
0,846,2
0,847,2
0,848,2
0,849,2
0,850,2
0,851,2
0,852,2
0,853,2
0,854,2
0,855,2
0,856,2
0,857,2
0,858,2
0,859,2
0,860,2
0,861,2
0,862,2
0,863,2
0,864,2
0,865,2
0,866,2
0,867,2
0,868,2
0,869,2
0,870,2
0,871,2
0,872,2
0,873,2
0,874,2
0,875,2
0,876,2
0,877,2
0,878,2
0,879,2
0,880,2
0,881,2
0,882,2
0,883,2
0,884,2
0,885,2
0,886,2
0,887,2
0,888,2
0,889,2
0,890,2
0,891,2
0,892,2
0,893,2
0,894,2
0,895,2
0,896,2
0,897,2
0,898,2
0,899,2
0,900,2
0,901,2
0,902,2
0,903,2
0,904,2
0,905,2
0,906,2
0,907,2
0,908,2
0,909,2
0,910,2
0,911,2
0,912,2
0,913,2
0,914,2
0,915,2
0,916,2
0,917,2
0,918,2
0,919,2
0,920,2
0,921,2
0,922,2
0,923,2
0,924,2
0,925,2
0,926,2
0,927,2
0,928,2
0,929,2
0,930,2
0,931,2
0,932,2
0,933,2
0,934,2
0,935,2
0,936,2
0,937,2
0,938,2
0,939,2
0,940,2
0,941,2
0,942,2
0,943,2
0,944,2
0,945,2
0,946,2
0,947,2
0,948,2
0,949,2
0,950,2
0,951,2
0,952,2
0,953,2
0,954,2
0,955,2
0,956,2
0,957,2
0,958,2
0,959,2
0,960,2
0,961,2
0,962,2
0,963,2
0,964,2
0,965,2
0,966,2
0,967,2
0,968,2
0,969,2
0,970,2
0,971,2
0,972,2
0,973,2
0,974,2
0,975,2
0,976,2
0,977,2
0,978,2
0,979,2
0,980,2
0,981,2
0,982,2
0,983,2
0,984,2
0,985,2
0,986,2
0,987,2
0,988,2
0,989,2
0,990,2
0,991,2
0,992,2
0,993,2
0,994,2
0,995,2
0,996,2
0,997,2
0,998,2
0,999,2
0,1000,2
0,1001,2
0,1002,2
0,1003,2
0,1004,2
0,1005,2
0,1006,2
0,1007,2
0,1008,2
0,1009,2
0,1010,2
0,1011,2
0,1012,2
0,1013,2
0,1014,2
0,1015,2
0,1016,2
0,1017,2
0,1018,2
0,1019,2
0,1020,2
0,1021,2
0,1022,2
0,1023,2
0,1024,2
0,1025,2
0,1026,2
0,1027,2
0,1028,2
0,1029,2
0,1030,2
0,1031,2
0,1032,2
0,1033,2
0,1034,2
0,1035,2
0,1036,2
0,1037,2
0,1038,2
0,1039,2
0,1040,2
0,1041,2
0,1042,2
0,1043,2
0,1044,2
0,1045,2
0,1046,2
0,1047,2
0,1048,2
0,1049,2
0,1050,2
0,1051,2
0,1052,2
0,1053,2
0,1054,2
0,1055,2
0,1056,2
0,1057,2
0,1058,2
0,1059,2
0,1060,2
0,1061,2
0,1062,2
0,1063,2
0,1064,2
0,1065,2
0,1066,2
0,1067,2
0,1068,2
0,1069,2
0,1070,2
0,1071,2
0,1072,2
0,1073,2
0,1074,2
0,1075,2
0,1076,2
0,1077,2
0,1078,2
0,1079,2
1,1079,2
2,1079,2
3,1079,2
4,1079,2
5,1079,2
6,1079,2
7,1079,2
8,1079,2
9,1079,2
10,1079,2
11,1079,2
12,1079,2
13,1079,2
14,1079,2
15,1079,2
16,1079,2
17,1079,2
18,1079,2
19,1079,2
20,1079,2
21,1079,2
22,1079,2
23,1079,2
24,1079,2
25,1079,2
26,1079,2
27,1079,2
28,1079,2
29,1079,2
30,1079,2
31,1079,2
32,1079,2
33,1079,2
34,1079,2
35,1079,2
36,1079,2
37,1079,2
38,1079,2
39,1079,2
40,1079,2
41,1079,2
42,1079,2
43,1079,2
44,1079,2
45,1079,2
46,1079,2
47,1079,2
48,1079,2
49,1079,2
50,1079,2
51,1079,2
52,1079,2
53,1079,2
54,1079,2
55,1079,2
56,1079,2
57,1079,2
58,1079,2
59,1079,2
60,1079,2
61,1079,2
62,1079,2
63,1079,2
64,1079,2
65,1079,2
66,1079,2
67,1079,2
68,1079,2
69,1079,2
70,1079,2
71,1079,2
72,1079,2
73,1079,2
74,1079,2
75,1079,2
76,1079,2
77,1079,2
78,1079,2
79,1079,2
80,1079,2
81,1079,2
82,1079,2
83,1079,2
84,1079,2
85,1079,2
86,1079,2
87,1079,2
88,1079,2
89,1079,2
90,1079,2
91,1079,2
92,1079,2
93,1079,2
94,1079,2
95,1079,2
96,1079,2
97,1079,2
98,1079,2
99,1079,2
100,1079,2
101,1079,2
102,1079,2
103,1079,2
104,1079,2
105,1079,2
106,1079,2
107,1079,2
108,1079,2
109,1079,2
110,1079,2
111,1079,2
112,1079,2
113,1079,2
114,1079,2
115,1079,2
116,1079,2
117,1079,2
118,1079,2
119,1079,2
120,1079,2
121,1079,2
122,1079,2
123,1079,2
124,1079,2
125,1079,2
126,1079,2
127,1079,2
128,1079,2
129,1079,2
130,1079,2
131,1079,2
132,1079,2
133,1079,2
134,1079,2
135,1079,2
136,1079,2
137,1079,2
138,1079,2
139,1079,2
140,1079,2
141,1079,2
142,1079,2
143,1079,2
144,1079,2
145,1079,2
146,1079,2
147,1079,2
148,1079,2
149,1079,2
150,1079,2
151,1079,2
152,1079,2
153,1079,2
154,1079,2
155,1079,2
156,1079,2
157,1079,2
158,1079,2
159,1079,2
160,1079,2
161,1079,2
162,1079,2
163,1079,2
164,1079,2
165,1079,2
166,1079,2
167,1079,2
168,1079,2
169,1079,2
170,1079,2
171,1079,2
172,1079,2
173,1079,2
174,1079,2
175,1079,2
176,1079,2
177,1079,2
178,1079,2
179,1079,2
180,1079,2
181,1079,2
182,1079,2
183,1079,2
184,1079,2
185,1079,2
186,1079,2
187,1079,2
188,1079,2
189,1079,2
190,1079,2
191,1079,2
192,1079,2
193,1079,2
194,1079,2
195,1079,2
196,1079,2
197,1079,2
198,1079,2
199,1079,2
200,1079,2
201,1079,2
202,1079,2
203,1079,2
204,1079,2
205,1079,2
206,1079,2
207,1079,2
208,1079,2
209,1079,2
210,1079,2
211,1079,2
212,1079,2
213,1079,2
214,1079,2
215,1079,2
216,1079,2
217,1079,2
218,1079,2
219,1079,2
220,1079,2
221,1079,2
222,1079,2
223,1079,2
224,1079,2
225,1079,2
226,1079,2
227,1079,2
228,1079,2
229,1079,2
230,1079,2
231,1079,2
232,1079,2
233,1079,2
234,1079,2
235,1079,2
236,1079,2
237,1079,2
238,1079,2
239,1079,2
240,1079,2
241,1079,2
242,1079,2
243,1079,2
244,1079,2
245,1079,2
246,1079,2
247,1079,2
248,1079,2
249,1079,2
250,1079,2
251,1079,2
252,1079,2
253,1079,2
254,1079,2
255,1079,2
256,1079,2
257,1079,2
258,1079,2
259,1079,2
260,1079,2
261,1079,2
262,1079,2
263,1079,2
264,1079,2
265,1079,2
266,1079,2
267,1079,2
268,1079,2
269,1079,2
270,1079,2
271,1079,2
272,1079,2
273,1079,2
274,1079,2
275,1079,2
276,1079,2
277,1079,2
278,1079,2
279,1079,2
280,1079,2
281,1079,2
282,1079,2
283,1079,2
284,1079,2
285,1079,2
286,1079,2
287,1079,2
288,1079,2
289,1079,2
290,1079,2
291,1079,2
292,1079,2
293,1079,2
294,1079,2
295,1079,2
295,1078,2
296,1077,2
297,1078,2
298,1078,2
299,1078,2
300,1078,2
301,1078,2
302,1078,2
303,1078,2
304,1078,2
305,1078,2
306,1078,2
307,1078,2
308,1078,2
309,1078,2
310,1078,2
311,1078,2
312,1078,2
313,1078,2
314,1078,2
315,1078,2
316,1078,2
317,1078,2
318,1078,2
319,1078,2
320,1078,2
321,1078,2
322,1078,2
323,1078,2
324,1078,2
325,1078,2
326,1078,2
327,1078,2
328,1078,2
329,1078,2
330,1078,2
331,1078,2
332,1078,2
333,1078,2
334,1078,2
335,1078,2
336,1078,2
337,1078,2
338,1078,2
339,1078,2
340,1078,2
341,1078,2
342,1078,2
343,1078,2
344,1078,2
345,1078,2
346,1078,2
347,1078,2
348,1078,2
349,1078,2
350,1078,2
351,1078,2
352,1078,2
353,1078,2
354,1078,2
355,1078,2
356,1078,2
357,1078,2
358,1078,2
359,1078,2
360,1078,2
361,1078,2
362,1078,2
363,1078,2
364,1078,2
365,1078,2
366,1078,2
367,1078,2
368,1078,2
369,1078,2
370,1078,2
371,1078,2
372,1078,2
373,1078,2
374,1078,2
375,1078,2
376,1078,2
377,1078,2
378,1078,2
379,1078,2
380,1078,2
381,1078,2
382,1078,2
383,1078,2
384,1078,2
385,1078,2
386,1078,2
387,1078,2
388,1078,2
389,1078,2
390,1078,2
391,1078,2
392,1078,2
393,1078,2
394,1078,2
395,1078,2
396,1078,2
397,1078,2
398,1078,2
399,1078,2
400,1078,2
401,1078,2
402,1078,2
403,1078,2
404,1078,2
405,1078,2
406,1078,2
407,1078,2
408,1078,2
409,1078,2
410,1078,2
411,1078,2
412,1078,2
413,1078,2
414,1078,2
415,1078,2
416,1078,2
417,1078,2
418,1078,2
419,1078,2
420,1078,2
421,1078,2
422,1078,2
423,1078,2
424,1078,2
425,1078,2
426,1078,2
427,1078,2
428,1078,2
429,1078,2
430,1078,2
431,1078,2
432,1078,2
433,1078,2
434,1078,2
435,1078,2
436,1078,2
437,1078,2
438,1078,2
439,1078,2
440,1078,2
441,1078,2
442,1078,2
443,1078,2
444,1078,2
445,1078,2
446,1078,2
447,1078,2
448,1078,2
449,1078,2
450,1078,2
451,1078,2
452,1078,2
453,1078,2
454,1078,2
455,1078,2
456,1078,2
457,1078,2
458,1078,2
459,1078,2
460,1078,2
461,1078,2
462,1078,2
463,1078,2
464,1078,2
465,1078,2
466,1078,2
467,1078,2
468,1078,2
469,1078,2
470,1078,2
471,1078,2
472,1078,2
473,1078,2
474,1078,2
475,1078,2
476,1078,2
477,1078,2
478,1078,2
479,1078,2
480,1078,2
481,1078,2
482,1078,2
483,1078,2
484,1078,2
485,1078,2
486,1078,2
487,1078,2
488,1078,2
489,1078,2
490,1078,2
491,1078,2
492,1078,2
493,1078,2
494,1078,2
495,1078,2
496,1078,2
497,1078,2
498,1078,2
499,1078,2
500,1078,2
501,1078,2
502,1078,2
503,1078,2
504,1078,2
505,1078,2
506,1078,2
507,1078,2
508,1078,2
509,1078,2
510,1079,2
511,1079,2
512,1079,2
513,1079,2
514,1079,2
515,1079,2
516,1079,2
517,1079,2
518,1079,2
519,1079,2
520,1079,2
521,1079,2
522,1079,2
523,1079,2
524,1079,2
525,1079,2
526,1079,2
527,1079,2
528,1079,2
529,1079,2
530,1079,2
531,1079,2
532,1079,2
533,1079,2
534,1079,2
535,1079,2
536,1079,2
537,1079,2
538,1079,2
539,1079,2
540,1079,2
541,1079,2
542,1079,2
543,1079,2
544,1079,2
545,1079,2
546,1079,2
547,1079,2
548,1079,2
549,1079,2
550,1079,2
551,1079,2
552,1079,2
553,1079,2
554,1079,2
555,1079,2
556,1079,2
557,1079,2
558,1079,2
559,1079,2
560,1079,2
561,1079,2
562,1079,2
563,1079,2
564,1079,2
565,1079,2
566,1079,2
567,1079,2
568,1079,2
569,1079,2
570,1079,2
571,1079,2
572,1079,2
573,1079,2
574,1079,2
575,1079,2
576,1079,2
577,1079,2
578,1079,2
579,1079,2
580,1079,2
581,1079,2
582,1079,2
583,1079,2
584,1079,2
585,1079,2
586,1079,2
587,1079,2
588,1079,2
589,1079,2
590,1079,2
591,1079,2
592,1079,2
593,1079,2
594,1079,2
595,1079,2
596,1079,2
597,1079,2
598,1079,2
599,1079,2
600,1079,2
601,1079,2
602,1079,2
603,1079,2
604,1079,2
605,1079,2
606,1079,2
607,1079,2
608,1079,2
609,1079,2
610,1079,2
611,1079,2
612,1079,2
613,1079,2
614,1079,2
615,1079,2
616,1079,2
617,1079,2
618,1079,2
619,1079,2
620,1079,2
621,1079,2
622,1079,2
623,1079,2
624,1079,2
625,1079,2
626,1079,2
627,1079,2
628,1079,2
629,1079,2
630,1079,2
631,1079,2
632,1079,2
633,1079,2
634,1079,2
635,1079,2
636,1079,2
637,1079,2
638,1079,2
639,1079,2
640,1079,2
641,1079,2
642,1079,2
643,1079,2
644,1079,2
645,1079,2
646,1079,2
647,1079,2
648,1079,2
649,1079,2
650,1079,2
651,1079,2
652,1079,2
653,1079,2
654,1079,2
655,1079,2
656,1079,2
657,1079,2
658,1079,2
659,1079,2
660,1079,2
661,1079,2
662,1079,2
663,1079,2
664,1079,2
665,1079,2
666,1079,2
667,1079,2
668,1079,2
669,1079,2
670,1079,2
671,1079,2
672,1079,2
673,1079,2
674,1079,2
675,1079,2
676,1079,2
677,1079,2
678,1079,2
679,1079,2
680,1079,2
681,1079,2
682,1079,2
683,1079,2
684,1079,2
685,1079,2
686,1079,2
687,1079,2
688,1079,2
689,1079,2
690,1079,2
691,1079,2
692,1079,2
693,1079,2
694,1079,2
695,1079,2
696,1079,2
697,1079,2
698,1079,2
699,1079,2
700,1079,2
701,1079,2
702,1079,2
703,1079,2
704,1079,2
705,1079,2
706,1079,2
707,1079,2
708,1079,2
709,1079,2
710,1079,2
711,1079,2
712,1079,2
713,1079,2
714,1079,2
715,1079,2
716,1079,2
717,1079,2
718,1079,2
719,1079,2
720,1079,2
721,1079,2
722,1079,2
723,1079,2
724,1079,2
725,1079,2
726,1079,2
727,1079,2
728,1079,2
729,1079,2
730,1079,2
731,1079,2
732,1079,2
733,1079,2
734,1079,2
735,1079,2
736,1079,2
737,1079,2
738,1079,2
739,1079,2
740,1079,2
741,1079,2
742,1079,2
743,1079,2
744,1079,2
745,1079,2
746,1079,2
747,1079,2
748,1079,2
749,1079,2
750,1079,2
751,1079,2
752,1079,2
753,1079,2
754,1079,2
755,1079,2
756,1079,2
757,1079,2
758,1079,2
759,1079,2
760,1079,2
761,1079,2
762,1079,2
763,1079,2
764,1079,2
765,1079,2
766,1079,2
767,1079,2
768,1079,2
769,1079,2
770,1079,2
771,1079,2
772,1079,2
773,1079,2
774,1079,2
775,1079,2
776,1079,2
777,1079,2
778,1079,2
779,1079,2
780,1079,2
781,1079,2
782,1079,2
783,1079,2
784,1079,2
785,1079,2
786,1079,2
787,1079,2
788,1079,2
789,1079,2
790,1079,2
791,1079,2
792,1079,2
793,1079,2
794,1079,2
795,1079,2
796,1079,2
797,1079,2
798,1079,2
799,1079,2
800,1079,2
801,1079,2
802,1079,2
803,1079,2
804,1079,2
805,1079,2
806,1079,2
807,1079,2
808,1079,2
809,1079,2
810,1079,2
811,1079,2
812,1079,2
813,1079,2
814,1079,2
815,1079,2
816,1079,2
817,1079,2
818,1079,2
819,1079,2
820,1079,2
821,1079,2
822,1079,2
823,1079,2
824,1079,2
825,1079,2
826,1079,2
827,1079,2
828,1079,2
829,1079,2
830,1079,2
831,1079,2
832,1079,2
833,1079,2
834,1079,2
835,1079,2
836,1079,2
837,1079,2
838,1079,2
839,1079,2
840,1079,2
841,1079,2
842,1079,2
843,1079,2
844,1079,2
845,1079,2
846,1079,2
847,1079,2
848,1079,2
849,1079,2
850,1079,2
851,1079,2
852,1079,2
853,1079,2
854,1079,2
855,1079,2
856,1079,2
857,1079,2
858,1079,2
859,1079,2
860,1079,2
861,1079,2
862,1079,2
863,1079,2
864,1079,2
865,1079,2
866,1079,2
867,1079,2
868,1079,2
869,1079,2
870,1079,2
871,1079,2
872,1079,2
873,1079,2
874,1079,2
875,1079,2
876,1079,2
877,1079,2
878,1079,2
879,1079,2
880,1079,2
881,1079,2
882,1079,2
883,1079,2
884,1079,2
885,1079,2
886,1079,2
887,1079,2
888,1079,2
889,1079,2
890,1079,2
891,1079,2
892,1079,2
893,1079,2
894,1079,2
895,1079,2
896,1079,2
897,1079,2
898,1079,2
899,1079,2
900,1079,2
901,1079,2
902,1079,2
903,1079,2
904,1079,2
905,1079,2
906,1079,2
907,1079,2
908,1079,2
909,1079,2
910,1079,2
911,1079,2
912,1079,2
913,1079,2
914,1079,2
915,1079,2
916,1079,2
917,1079,2
918,1079,2
919,1079,2
920,1079,2
921,1079,2
922,1079,2
923,1079,2
924,1079,2
925,1079,2
926,1079,2
927,1079,2
928,1079,2
929,1079,2
930,1079,2
931,1079,2
932,1079,2
933,1079,2
934,1079,2
935,1079,2
936,1079,2
937,1079,2
938,1079,2
939,1079,2
940,1079,2
941,1079,2
942,1079,2
943,1079,2
944,1079,2
945,1079,2
946,1079,2
947,1079,2
948,1079,2
949,1079,2
950,1079,2
951,1079,2
952,1079,2
953,1079,2
954,1079,2
955,1079,2
956,1079,2
957,1079,2
958,1079,2
959,1079,2
960,1079,2
961,1079,2
962,1079,2
963,1079,2
964,1079,2
965,1079,2
966,1079,2
967,1079,2
968,1079,2
969,1079,2
970,1079,2
971,1079,2
972,1079,2
973,1079,2
974,1079,2
975,1079,2
976,1079,2
977,1079,2
978,1079,2
979,1079,2
980,1079,2
981,1079,2
982,1079,2
983,1079,2
984,1079,2
985,1079,2
986,1079,2
987,1079,2
988,1079,2
989,1079,2
990,1079,2
991,1079,2
992,1079,2
993,1079,2
994,1079,2
995,1079,2
996,1079,2
997,1079,2
998,1079,2
999,1079,2
1000,1079,2
1001,1079,2
1002,1079,2
1003,1079,2
1004,1079,2
1005,1079,2
1006,1079,2
1007,1079,2
1008,1079,2
1009,1079,2
1010,1079,2
1011,1079,2
1012,1079,2
1013,1079,2
1014,1079,2
1015,1079,2
1016,1079,2
1017,1079,2
1018,1079,2
1019,1079,2
1020,1079,2
1021,1079,2
1022,1079,2
1023,1079,2
1024,1079,2
1025,1079,2
1026,1079,2
1027,1079,2
1028,1079,2
1029,1079,2
1030,1079,2
1031,1079,2
1032,1079,2
1033,1079,2
1034,1079,2
1035,1079,2
1036,1079,2
1037,1079,2
1038,1079,2
1039,1079,2
1040,1079,2
1041,1079,2
1042,1079,2
1043,1079,2
1044,1079,2
1045,1079,2
1046,1079,2
1047,1079,2
1048,1079,2
1049,1079,2
1050,1079,2
1051,1079,2
1052,1079,2
1053,1079,2
1054,1079,2
1055,1079,2
1056,1079,2
1057,1079,2
1058,1079,2
1059,1079,2
1060,1079,2
1061,1079,2
1062,1079,2
1063,1079,2
1064,1079,2
1065,1079,2
1066,1079,2
1067,1079,2
1068,1079,2
1069,1079,2
1070,1079,2
1071,1079,2
1072,1079,2
1073,1079,2
1074,1079,2
1075,1079,2
1076,1079,2
1077,1079,2
1078,1079,2
1079,1079,2
1080,1079,2
1081,1079,2
1082,1079,2
1083,1079,2
1084,1079,2
1085,1079,2
1086,1079,2
1087,1079,2
1088,1079,2
1089,1079,2
1090,1079,2
1091,1079,2
1092,1079,2
1093,1079,2
1094,1079,2
1095,1079,2
1096,1079,2
1097,1079,2
1098,1079,2
1099,1079,2
1100,1079,2
1101,1079,2
1102,1079,2
1103,1079,2
1104,1079,2
1105,1079,2
1106,1079,2
1107,1079,2
1108,1079,2
1109,1079,2
1110,1079,2
1111,1079,2
1112,1079,2
1113,1079,2
1114,1079,2
1115,1079,2
1116,1079,2
1117,1079,2
1118,1079,2
1119,1079,2
1120,1079,2
1121,1079,2
1122,1079,2
1123,1079,2
1124,1079,2
1125,1079,2
1126,1079,2
1127,1079,2
1128,1079,2
1129,1079,2
1130,1079,2
1131,1079,2
1132,1079,2
1133,1079,2
1134,1079,2
1135,1079,2
1136,1079,2
1137,1079,2
1138,1079,2
1139,1079,2
1140,1079,2
1141,1079,2
1142,1079,2
1143,1079,2
1144,1079,2
1145,1079,2
1146,1079,2
1147,1079,2
1148,1079,2
1149,1079,2
1150,1079,2
1151,1079,2
1152,1079,2
1153,1079,2
1154,1079,2
1155,1079,2
1156,1079,2
1157,1079,2
1158,1079,2
1159,1079,2
1160,1079,2
1161,1079,2
1162,1079,2
1163,1079,2
1164,1079,2
1165,1079,2
1166,1079,2
1167,1079,2
1168,1079,2
1169,1079,2
1170,1079,2
1171,1079,2
1172,1079,2
1173,1079,2
1174,1079,2
1175,1079,2
1176,1079,2
1177,1079,2
1178,1079,2
1179,1079,2
1180,1079,2
1181,1079,2
1182,1079,2
1183,1079,2
1184,1079,2
1185,1079,2
1186,1079,2
1187,1079,2
1188,1079,2
1189,1079,2
1190,1079,2
1191,1079,2
1192,1079,2
1193,1079,2
1194,1079,2
1195,1079,2
1196,1079,2
1197,1079,2
1198,1079,2
1199,1079,2
1200,1079,2
1201,1079,2
1202,1079,2
1203,1079,2
1204,1079,2
1205,1079,2
1206,1079,2
1207,1079,2
1208,1079,2
1209,1079,2
1210,1079,2
1211,1079,2
1212,1079,2
1213,1079,2
1214,1079,2
1215,1079,2
1216,1079,2
1217,1079,2
1218,1079,2
1219,1079,2
1220,1079,2
1221,1079,2
1222,1079,2
1223,1079,2
1224,1079,2
1225,1079,2
1226,1079,2
1227,1079,2
1228,1079,2
1229,1079,2
1230,1079,2
1231,1079,2
1232,1079,2
1233,1079,2
1234,1079,2
1235,1079,2
1236,1079,2
1237,1079,2
1238,1079,2
1239,1079,2
1240,1079,2
1241,1079,2
1242,1079,2
1243,1079,2
1244,1079,2
1245,1079,2
1246,1079,2
1247,1079,2
1248,1079,2
1249,1079,2
1250,1079,2
1251,1079,2
1252,1079,2
1253,1079,2
1254,1079,2
1255,1079,2
1256,1079,2
1257,1079,2
1258,1079,2
1259,1079,2
1260,1079,2
1261,1079,2
1262,1079,2
1263,1079,2
1264,1079,2
1265,1079,2
1266,1079,2
1267,1079,2
1268,1079,2
1269,1079,2
1270,1079,2
1271,1079,2
1272,1079,2
1273,1079,2
1274,1079,2
1275,1079,2
1276,1079,2
1277,1079,2
1278,1079,2
1279,1079,2
1280,1079,2
1281,1079,2
1282,1079,2
1283,1079,2
1284,1079,2
1285,1079,2
1286,1079,2
1287,1079,2
1288,1079,2
1289,1079,2
1290,1079,2
1291,1079,2
1292,1079,2
1293,1079,2
1294,1079,2
1295,1079,2
1296,1079,2
1297,1079,2
1298,1079,2
1299,1079,2
1300,1079,2
1301,1079,2
1302,1079,2
1303,1079,2
1304,1079,2
1305,1079,2
1306,1079,2
1307,1079,2
1308,1079,2
1309,1079,2
1310,1079,2
1311,1079,2
1312,1079,2
1313,1079,2
1314,1079,2
1315,1079,2
1316,1079,2
1317,1079,2
1318,1079,2
1319,1079,2
1320,1079,2
1321,1079,2
1322,1079,2
1323,1079,2
1324,1079,2
1325,1079,2
1326,1079,2
1327,1079,2
1328,1079,2
1329,1079,2
1330,1079,2
1331,1079,2
1332,1079,2
1333,1079,2
1334,1079,2
1335,1079,2
1336,1079,2
1337,1079,2
1338,1079,2
1339,1079,2
1340,1079,2
1341,1079,2
1342,1079,2
1343,1079,2
1344,1079,2
1345,1079,2
1346,1079,2
1347,1079,2
1348,1079,2
1349,1079,2
1350,1079,2
1351,1079,2
1352,1079,2
1353,1079,2
1354,1079,2
1355,1079,2
1356,1079,2
1357,1079,2
1358,1079,2
1359,1079,2
1360,1079,2
1361,1079,2
1362,1079,2
1363,1079,2
1364,1079,2
1365,1079,2
1366,1079,2
1367,1079,2
1368,1079,2
1369,1079,2
1370,1079,2
1371,1079,2
1372,1079,2
1373,1079,2
1374,1079,2
1375,1079,2
1376,1079,2
1377,1079,2
1378,1079,2
1379,1079,2
1380,1079,2
1381,1079,2
1382,1079,2
1383,1079,2
1384,1079,2
1385,1079,2
1386,1079,2
1387,1079,2
1388,1079,2
1389,1079,2
1390,1079,2
1391,1079,2
1392,1079,2
1393,1079,2
1394,1079,2
1395,1079,2
1396,1079,2
1397,1079,2
1398,1079,2
1399,1079,2
1400,1079,2
1401,1079,2
1402,1079,2
1403,1079,2
1404,1079,2
1405,1079,2
1406,1079,2
1407,1079,2
1408,1079,2
1409,1079,2
1410,1079,2
1411,1079,2
1412,1079,2
1413,1079,2
1414,1079,2
1415,1079,2
1416,1079,2
1417,1079,2
1418,1079,2
1419,1079,2
1420,1079,2
1421,1079,2
1422,1079,2
1423,1079,2
1424,1079,2
1425,1079,2
1426,1079,2
1427,1079,2
1428,1079,2
1429,1079,2
1430,1079,2
1431,1079,2
1432,1079,2
1433,1079,2
1434,1079,2
1435,1079,2
1436,1079,2
1437,1079,2
1438,1079,2
1439,1079,2
1440,1079,2
1441,1079,2
1442,1079,2
1443,1079,2
1444,1079,2
1445,1079,2
1446,1079,2
1447,1079,2
1448,1079,2
1449,1079,2
1450,1079,2
1451,1079,2
1452,1079,2
1453,1079,2
1454,1079,2
1455,1079,2
1456,1079,2
1457,1079,2
1458,1079,2
1459,1079,2
1460,1079,2
1461,1079,2
1462,1079,2
1463,1079,2
1464,1079,2
1465,1079,2
1466,1079,2
1467,1079,2
1468,1079,2
1469,1079,2
1470,1079,2
1471,1079,2
1472,1079,2
1473,1079,2
1474,1079,2
1475,1079,2
1476,1079,2
1477,1079,2
1478,1079,2
1479,1079,2
1480,1079,2
1481,1079,2
1482,1079,2
1483,1079,2
1484,1079,2
1485,1079,2
1486,1079,2
1487,1079,2
1488,1079,2
1489,1079,2
1490,1079,2
1491,1079,2
1492,1079,2
1493,1079,2
1494,1079,2
1495,1079,2
1496,1079,2
1497,1079,2
1498,1079,2
1499,1079,2
1500,1079,2
1501,1079,2
1502,1079,2
1503,1079,2
1504,1079,2
1505,1079,2
1506,1079,2
1507,1079,2
1508,1079,2
1509,1079,2
1510,1079,2
1511,1079,2
1512,1079,2
1513,1079,2
1514,1079,2
1515,1079,2
1516,1079,2
1517,1079,2
1518,1079,2
1519,1079,2
1520,1079,2
1521,1079,2
1522,1079,2
1523,1079,2
1524,1079,2
1525,1079,2
1526,1079,2
1527,1079,2
1528,1079,2
1529,1079,2
1530,1079,2
1531,1079,2
1532,1079,2
1533,1079,2
1534,1079,2
1535,1079,2
1536,1079,2
1537,1079,2
1538,1079,2
1539,1079,2
1540,1079,2
1541,1079,2
1542,1079,2
1543,1079,2
1544,1079,2
1545,1079,2
1546,1079,2
1547,1079,2
1548,1079,2
1549,1079,2
1550,1079,2
1551,1079,2
1552,1079,2
1553,1079,2
1554,1079,2
1555,1079,2
1556,1079,2
1557,1079,2
1558,1079,2
1559,1079,2
1560,1079,2
1561,1079,2
1562,1079,2
1563,1079,2
1564,1079,2
1565,1079,2
1566,1079,2
1567,1079,2
1568,1079,2
1569,1079,2
1570,1079,2
1571,1079,2
1572,1079,2
1573,1079,2
1574,1079,2
1575,1079,2
1576,1079,2
1577,1079,2
1578,1079,2
1579,1079,2
1580,1079,2
1581,1079,2
1582,1079,2
1583,1079,2
1584,1079,2
1585,1079,2
1586,1079,2
1587,1079,2
1588,1079,2
1589,1079,2
1590,1079,2
1591,1079,2
1592,1079,2
1593,1079,2
1594,1079,2
1595,1079,2
1596,1079,2
1597,1079,2
1598,1079,2
1599,1079,2
1600,1079,2
1601,1079,2
1602,1079,2
1603,1079,2
1604,1079,2
1605,1079,2
1606,1079,2
1607,1079,2
1608,1079,2
1609,1079,2
1610,1079,2
1611,1079,2
1612,1079,2
1613,1079,2
1614,1079,2
1615,1079,2
1616,1079,2
1617,1079,2
1618,1079,2
1619,1079,2
1620,1079,2
1621,1079,2
1622,1079,2
1623,1079,2
1624,1079,2
1625,1079,2
1626,1079,2
1627,1079,2
1628,1079,2
1629,1079,2
1630,1079,2
1631,1079,2
1632,1079,2
1633,1079,2
1634,1079,2
1635,1079,2
1636,1079,2
1637,1079,2
1638,1079,2
1639,1079,2
1640,1079,2
1641,1079,2
1642,1079,2
1643,1079,2
1644,1079,2
1645,1079,2
1646,1079,2
1647,1079,2
1648,1079,2
1649,1079,2
1650,1079,2
1651,1079,2
1652,1079,2
1653,1079,2
1654,1079,2
1655,1079,2
1656,1079,2
1657,1079,2
1658,1079,2
1659,1079,2
1660,1079,2
1661,1079,2
1662,1079,2
1663,1079,2
1664,1079,2
1665,1079,2
1666,1079,2
1667,1079,2
1668,1079,2
1669,1079,2
1670,1079,2
1671,1079,2
1672,1079,2
1673,1079,2
1674,1079,2
1675,1079,2
1676,1079,2
1677,1079,2
1678,1079,2
1679,1079,2
1680,1079,2
1681,1079,2
1682,1079,2
1683,1079,2
1684,1079,2
1685,1079,2
1686,1079,2
1687,1079,2
1688,1079,2
1689,1079,2
1690,1079,2
1691,1079,2
1692,1079,2
1693,1079,2
1694,1079,2
1695,1079,2
1696,1079,2
1697,1079,2
1698,1079,2
1699,1079,2
1700,1079,2
1701,1079,2
1702,1079,2
1703,1079,2
1704,1079,2
1705,1079,2
1706,1079,2
1707,1079,2
1708,1079,2
1709,1079,2
1710,1079,2
1711,1079,2
1712,1079,2
1713,1079,2
1714,1079,2
1715,1079,2
1716,1079,2
1717,1079,2
1718,1079,2
1719,1079,2
1720,1079,2
1721,1079,2
1722,1079,2
1723,1079,2
1724,1079,2
1725,1079,2
1726,1079,2
1727,1079,2
1728,1079,2
1729,1079,2
1730,1079,2
1731,1079,2
1732,1079,2
1733,1079,2
1734,1079,2
1735,1079,2
1736,1079,2
1737,1079,2
1738,1079,2
1739,1079,2
1740,1079,2
1741,1079,2
1742,1079,2
1743,1079,2
1744,1079,2
1745,1079,2
1746,1079,2
1747,1079,2
1748,1079,2
1749,1079,2
1750,1079,2
1751,1079,2
1752,1079,2
1753,1079,2
1754,1079,2
1755,1079,2
1756,1079,2
1757,1079,2
1758,1079,2
1759,1079,2
1760,1079,2
1761,1079,2
1762,1079,2
1763,1079,2
1764,1079,2
1765,1079,2
1766,1079,2
1767,1079,2
1768,1079,2
1769,1079,2
1770,1079,2
1771,1079,2
1772,1079,2
1773,1079,2
1774,1079,2
1775,1079,2
1776,1079,2
1777,1079,2
1778,1079,2
1779,1079,2
1780,1079,2
1781,1079,2
1782,1079,2
1783,1079,2
1784,1079,2
1785,1079,2
1786,1079,2
1787,1079,2
1788,1079,2
1789,1079,2
1790,1079,2
1791,1079,2
1792,1079,2
1793,1079,2
1794,1079,2
1795,1079,2
1796,1079,2
1797,1079,2
1798,1079,2
1799,1079,2
1800,1079,2
1801,1079,2
1802,1079,2
1803,1079,2
1804,1079,2
1805,1079,2
1806,1079,2
1807,1079,2
1808,1079,2
1809,1079,2
1810,1079,2
1811,1079,2
1812,1079,2
1813,1079,2
1814,1079,2
1815,1079,2
1816,1079,2
1817,1079,2
1818,1079,2
1819,1079,2
1820,1079,2
1821,1079,2
1822,1079,2
1823,1079,2
1824,1079,2
1825,1079,2
1826,1079,2
1827,1079,2
1828,1079,2
1829,1079,2
1830,1079,2
1831,1079,2
1832,1079,2
1833,1079,2
1834,1079,2
1835,1079,2
1836,1079,2
1837,1079,2
1838,1079,2
1839,1079,2
1840,1079,2
1841,1079,2
1842,1079,2
1843,1079,2
1844,1079,2
1845,1079,2
1846,1079,2
1847,1079,2
1848,1079,2
1849,1079,2
1850,1079,2
1851,1079,2
1852,1079,2
1853,1079,2
1854,1079,2
1855,1079,2
1856,1079,2
1857,1079,2
1858,1079,2
1859,1079,2
1860,1079,2
1861,1079,2
1862,1079,2
1863,1079,2
1864,1079,2
1865,1079,2
1866,1079,2
1867,1079,2
1868,1079,2
1869,1079,2
1870,1079,2
1871,1079,2
1872,1079,2
1873,1079,2
1874,1079,2
1875,1079,2
1876,1079,2
1877,1079,2
1878,1079,2
1879,1079,2
1880,1079,2
1881,1079,2
1882,1079,2
1883,1079,2
1884,1079,2
1885,1079,2
1886,1079,2
1887,1079,2
1888,1079,2
1889,1079,2
1890,1079,2
1891,1079,2
1892,1079,2
1893,1079,2
1894,1079,2
1895,1079,2
1896,1079,2
1897,1079,2
1898,1079,2
1899,1079,2
1900,1079,2
1901,1079,2
1902,1079,2
1903,1079,2
1904,1079,2
1905,1079,2
1906,1079,2
1907,1079,2
1908,1079,2
1909,1079,2
1910,1079,2
1911,1079,2
1912,1079,2
1913,1079,2
1914,1079,2
1915,1079,2
1916,1079,2
1917,1079,2
1918,1079,2
1919,1079,2
1919,1078,2
1919,1077,2
1919,1076,2
1919,1075,2
1919,1074,2
1919,1073,2
1919,1072,2
1919,1071,2
1919,1070,2
1919,1069,2
1919,1068,2
1919,1067,2
1919,1066,2
1919,1065,2
1919,1064,2
1919,1063,2
1919,1062,2
1919,1061,2
1919,1060,2
1919,1059,2
1919,1058,2
1919,1057,2
1919,1056,2
1919,1055,2
1919,1054,2
1919,1053,2
1919,1052,2
1919,1051,2
1919,1050,2
1919,1049,2
1919,1048,2
1919,1047,2
1919,1046,2
1919,1045,2
1919,1044,2
1919,1043,2
1919,1042,2
1919,1041,2
1919,1040,2
1919,1039,2
1919,1038,2
1919,1037,2
1919,1036,2
1919,1035,2
1919,1034,2
1919,1033,2
1919,1032,2
1919,1031,2
1919,1030,2
1919,1029,2
1919,1028,2
1919,1027,2
1919,1026,2
1919,1025,2
1919,1024,2
1919,1023,2
1919,1022,2
1919,1021,2
1919,1020,2
1919,1019,2
1919,1018,2
1919,1017,2
1919,1016,2
1919,1015,2
1919,1014,2
1919,1013,2
1919,1012,2
1919,1011,2
1919,1010,2
1919,1009,2
1919,1008,2
1919,1007,2
1919,1006,2
1919,1005,2
1919,1004,2
1919,1003,2
1919,1002,2
1919,1001,2
1919,1000,2
1919,999,2
1919,998,2
1919,997,2
1919,996,2
1919,995,2
1919,994,2
1919,993,2
1919,992,2
1919,991,2
1919,990,2
1919,989,2
1919,988,2
1919,987,2
1919,986,2
1919,985,2
1919,984,2
1919,983,2
1919,982,2
1919,981,2
1919,980,2
1919,979,2
1919,978,2
1919,977,2
1919,976,2
1919,975,2
1919,974,2
1919,973,2
1919,972,2
1919,971,2
1919,970,2
1919,969,2
1919,968,2
1919,967,2
1919,966,2
1919,965,2
1919,964,2
1919,963,2
1919,962,2
1919,961,2
1919,960,2
1919,959,2
1919,958,2
1919,957,2
1919,956,2
1919,955,2
1919,954,2
1919,953,2
1919,952,2
1919,951,2
1919,950,2
1919,949,2
1919,948,2
1919,947,2
1919,946,2
1919,945,2
1919,944,2
1919,943,2
1919,942,2
1919,941,2
1919,940,2
1919,939,2
1919,938,2
1919,937,2
1919,936,2
1919,935,2
1919,934,2
1919,933,2
1919,932,2
1919,931,2
1919,930,2
1919,929,2
1919,928,2
1919,927,2
1919,926,2
1919,925,2
1919,924,2
1919,923,2
1919,922,2
1919,921,2
1919,920,2
1919,919,2
1919,918,2
1919,917,2
1919,916,2
1919,915,2
1919,914,2
1919,913,2
1919,912,2
1919,911,2
1919,910,2
1919,909,2
1919,908,2
1919,907,2
1919,906,2
1919,905,2
1919,904,2
1919,903,2
1919,902,2
1919,901,2
1919,900,2
1919,899,2
1919,898,2
1919,897,2
1919,896,2
1919,895,2
1919,894,2
1919,893,2
1919,892,2
1919,891,2
1919,890,2
1919,889,2
1919,888,2
1919,887,2
1919,886,2
1919,885,2
1919,884,2
1919,883,2
1919,882,2
1919,881,2
1919,880,2
1919,879,2
1919,878,2
1919,877,2
1919,876,2
1919,875,2
1919,874,2
1919,873,2
1919,872,2
1919,871,2
1919,870,2
1919,869,2
1919,868,2
1919,867,2
1919,866,2
1919,865,2
1919,864,2
1919,863,2
1919,862,2
1919,861,2
1919,860,2
1919,859,2
1919,858,2
1919,857,2
1919,856,2
1919,855,2
1919,854,2
1919,853,2
1919,852,2
1919,851,2
1919,850,2
1919,849,2
1919,848,2
1919,847,2
1919,846,2
1919,845,2
1919,844,2
1919,843,2
1919,842,2
1919,841,2
1919,840,2
1919,839,2
1919,838,2
1919,837,2
1919,836,2
1919,835,2
1919,834,2
1919,833,2
1919,832,2
1919,831,2
1919,830,2
1919,829,2
1919,828,2
1919,827,2
1919,826,2
1919,825,2
1919,824,2
1919,823,2
1919,822,2
1919,821,2
1919,820,2
1919,819,2
1919,818,2
1919,817,2
1919,816,2
1919,815,2
1919,814,2
1919,813,2
1919,812,2
1919,811,2
1919,810,2
1919,809,2
1919,808,2
1919,807,2
1919,806,2
1919,805,2
1919,804,2
1919,803,2
1919,802,2
1919,801,2
1919,800,2
1919,799,2
1919,798,2
1919,797,2
1919,796,2
1919,795,2
1919,794,2
1919,793,2
1919,792,2
1919,791,2
1919,790,2
1919,789,2
1919,788,2
1919,787,2
1919,786,2
1919,785,2
1919,784,2
1919,783,2
1919,782,2
1919,781,2
1919,780,2
1919,779,2
1919,778,2
1919,777,2
1919,776,2
1919,775,2
1919,774,2
1919,773,2
1919,772,2
1919,771,2
1919,770,2
1919,769,2
1919,768,2
1919,767,2
1919,766,2
1919,765,2
1919,764,2
1919,763,2
1919,762,2
1919,761,2
1919,760,2
1919,759,2
1919,758,2
1919,757,2
1919,756,2
1919,755,2
1919,754,2
1919,753,2
1919,752,2
1919,751,2
1919,750,2
1919,749,2
1919,748,2
1919,747,2
1919,746,2
1919,745,2
1919,744,2
1919,743,2
1919,742,2
1919,741,2
1919,740,2
1919,739,2
1919,738,2
1919,737,2
1919,736,2
1919,735,2
1919,734,2
1919,733,2
1919,732,2
1919,731,2
1919,730,2
1919,729,2
1919,728,2
1919,727,2
1919,726,2
1919,725,2
1919,724,2
1919,723,2
1919,722,2
1919,721,2
1919,720,2
1919,719,2
1919,718,2
1919,717,2
1919,716,2
1919,715,2
1919,714,2
1919,713,2
1919,712,2
1919,711,2
1919,710,2
1919,709,2
1919,708,2
1919,707,2
1919,706,2
1919,705,2
1919,704,2
1919,703,2
1919,702,2
1919,701,2
1919,700,2
1919,699,2
1919,698,2
1919,697,2
1919,696,2
1919,695,2
1919,694,2
1919,693,2
1919,692,2
1919,691,2
1919,690,2
1919,689,2
1919,688,2
1919,687,2
1919,686,2
1919,685,2
1919,684,2
1919,683,2
1919,682,2
1919,681,2
1919,680,2
1919,679,2
1919,678,2
1919,677,2
1919,676,2
1919,675,2
1919,674,2
1919,673,2
1919,672,2
1919,671,2
1919,670,2
1919,669,2
1919,668,2
1919,667,2
1919,666,2
1919,665,2
1919,664,2
1919,663,2
1919,662,2
1919,661,2
1919,660,2
1919,659,2
1919,658,2
1919,657,2
1919,656,2
1919,655,2
1919,654,2
1919,653,2
1919,652,2
1919,651,2
1919,650,2
1919,649,2
1919,648,2
1919,647,2
1919,646,2
1919,645,2
1919,644,2
1919,643,2
1919,642,2
1919,641,2
1919,640,2
1919,639,2
1919,638,2
1919,637,2
1919,636,2
1919,635,2
1919,634,2
1919,633,2
1919,632,2
1919,631,2
1919,630,2
1919,629,2
1919,628,2
1919,627,2
1919,626,2
1919,625,2
1919,624,2
1919,623,2
1919,622,2
1919,621,2
1919,620,2
1919,619,2
1919,618,2
1919,617,2
1919,616,2
1919,615,2
1919,614,2
1919,613,2
1919,612,2
1919,611,2
1919,610,2
1919,609,2
1919,608,2
1919,607,2
1919,606,2
1919,605,2
1919,604,2
1919,603,2
1919,602,2
1919,601,2
1919,600,2
1919,599,2
1919,598,2
1919,597,2
1919,596,2
1919,595,2
1919,594,2
1919,593,2
1919,592,2
1919,591,2
1919,590,2
1919,589,2
1919,588,2
1919,587,2
1919,586,2
1919,585,2
1919,584,2
1919,583,2
1919,582,2
1919,581,2
1919,580,2
1919,579,2
1919,578,2
1919,577,2
1919,576,2
1919,575,2
1919,574,2
1919,573,2
1919,572,2
1919,571,2
1919,570,2
1919,569,2
1919,568,2
1919,567,2
1919,566,2
1919,565,2
1919,564,2
1919,563,2
1919,562,2
1919,561,2
1919,560,2
1919,559,2
1919,558,2
1919,557,2
1919,556,2
1919,555,2
1919,554,2
1919,553,2
1919,552,2
1919,551,2
1919,550,2
1919,549,2
1919,548,2
1919,547,2
1919,546,2
1919,545,2
1919,544,2
1919,543,2
1919,542,2
1919,541,2
1919,540,2
1919,539,2
1919,538,2
1919,537,2
1919,536,2
1919,535,2
1919,534,2
1919,533,2
1919,532,2
1919,531,2
1919,530,2
1919,529,2
1919,528,2
1919,527,2
1919,526,2
1919,525,2
1919,524,2
1919,523,2
1919,522,2
1919,521,2
1919,520,2
1919,519,2
1919,518,2
1919,517,2
1919,516,2
1919,515,2
1919,514,2
1919,513,2
1919,512,2
1919,511,2
1919,510,2
1919,509,2
1919,508,2
1919,507,2
1919,506,2
1919,505,2
1919,504,2
1919,503,2
1919,502,2
1919,501,2
1919,500,2
1919,499,2
1919,498,2
1919,497,2
1919,496,2
1919,495,2
1919,494,2
1919,493,2
1919,492,2
1919,491,2
1919,490,2
1919,489,2
1919,488,2
1919,487,2
1919,486,2
1919,485,2
1919,484,2
1919,483,2
1919,482,2
1919,481,2
1919,480,2
1919,479,2
1919,478,2
1919,477,2
1919,476,2
1919,475,2
1919,474,2
1919,473,2
1919,472,2
1919,471,2
1919,470,2
1919,469,2
1919,468,2
1919,467,2
1919,466,2
1919,465,2
1919,464,2
1919,463,2
1919,462,2
1919,461,2
1919,460,2
1919,459,2
1919,458,2
1919,457,2
1919,456,2
1919,455,2
1919,454,2
1919,453,2
1919,452,2
1919,451,2
1919,450,2
1919,449,2
1919,448,2
1919,447,2
1919,446,2
1919,445,2
1919,444,2
1919,443,2
1919,442,2
1919,441,2
1919,440,2
1919,439,2
1919,438,2
1919,437,2
1919,436,2
1919,435,2
1919,434,2
1919,433,2
1919,432,2
1919,431,2
1919,430,2
1919,429,2
1919,428,2
1919,427,2
1919,426,2
1919,425,2
1919,424,2
1919,423,2
1919,422,2
1919,421,2
1919,420,2
1919,419,2
1919,418,2
1919,417,2
1919,416,2
1919,415,2
1919,414,2
1919,413,2
1919,412,2
1919,411,2
1919,410,2
1919,409,2
1919,408,2
1919,407,2
1919,406,2
1919,405,2
1919,404,2
1919,403,2
1919,402,2
1919,401,2
1919,400,2
1919,399,2
1919,398,2
1919,397,2
1919,396,2
1919,395,2
1919,394,2
1919,393,2
1919,392,2
1919,391,2
1919,390,2
1919,389,2
1919,388,2
1919,387,2
1919,386,2
1919,385,2
1919,384,2
1919,383,2
1919,382,2
1919,381,2
1919,380,2
1919,379,2
1919,378,2
1919,377,2
1919,376,2
1919,375,2
1919,374,2
1919,373,2
1919,372,2
1919,371,2
1919,370,2
1919,369,2
1919,368,2
1919,367,2
1919,366,2
1919,365,2
1919,364,2
1919,363,2
1919,362,2
1919,361,2
1919,360,2
1919,359,2
1919,358,2
1919,357,2
1919,356,2
1919,355,2
1919,354,2
1919,353,2
1919,352,2
1919,351,2
1919,350,2
1919,349,2
1919,348,2
1919,347,2
1919,346,2
1919,345,2
1919,344,2
1919,343,2
1919,342,2
1919,341,2
1919,340,2
1919,339,2
1919,338,2
1919,337,2
1919,336,2
1919,335,2
1919,334,2
1919,333,2
1919,332,2
1919,331,2
1919,330,2
1919,329,2
1919,328,2
1919,327,2
1919,326,2
1919,325,2
1919,324,2
1919,323,2
1919,322,2
1919,321,2
1919,320,2
1919,319,2
1919,318,2
1919,317,2
1919,316,2
1919,315,2
1919,314,2
1919,313,2
1919,312,2
1919,311,2
1919,310,2
1919,309,2
1919,308,2
1919,307,2
1919,306,2
1919,305,2
1919,304,2
1919,303,2
1919,302,2
1919,301,2
1919,300,2
1919,299,2
1919,298,2
1919,297,2
1919,296,2
1919,295,2
1919,294,2
1919,293,2
1919,292,2
1919,291,2
1919,290,2
1919,289,2
1919,288,2
1919,287,2
1919,286,2
1919,285,2
1919,284,2
1919,283,2
1919,282,2
1919,281,2
1919,280,2
1919,279,2
1919,278,2
1919,277,2
1919,276,2
1919,275,2
1919,274,2
1919,273,2
1919,272,2
1919,271,2
1919,270,2
1919,269,2
1919,268,2
1919,267,2
1919,266,2
1919,265,2
1919,264,2
1919,263,2
1919,262,2
1919,261,2
1919,260,2
1919,259,2
1919,258,2
1919,257,2
1919,256,2
1919,255,2
1919,254,2
1919,253,2
1919,252,2
1919,251,2
1919,250,2
1919,249,2
1919,248,2
1919,247,2
1919,246,2
1919,245,2
1919,244,2
1919,243,2
1919,242,2
1919,241,2
1919,240,2
1919,239,2
1919,238,2
1919,237,2
1919,236,2
1919,235,2
1919,234,2
1919,233,2
1919,232,2
1919,231,2
1919,230,2
1919,229,2
1919,228,2
1919,227,2
1919,226,2
1919,225,2
1919,224,2
1919,223,2
1919,222,2
1919,221,2
1919,220,2
1919,219,2
1919,218,2
1919,217,2
1919,216,2
1919,215,2
1919,214,2
1919,213,2
1919,212,2
1919,211,2
1919,210,2
1919,209,2
1919,208,2
1919,207,2
1919,206,2
1919,205,2
1919,204,2
1919,203,2
1919,202,2
1919,201,2
1919,200,2
1919,199,2
1919,198,2
1919,197,2
1919,196,2
1919,195,2
1919,194,2
1919,193,2
1919,192,2
1919,191,2
1919,190,2
1919,189,2
1919,188,2
1919,187,2
1919,186,2
1919,185,2
1919,184,2
1919,183,2
1919,182,2
1919,181,2
1919,180,2
1919,179,2
1919,178,2
1919,177,2
1919,176,2
1919,175,2
1919,174,2
1919,173,2
1919,172,2
1919,171,2
1919,170,2
1919,169,2
1919,168,2
1919,167,2
1919,166,2
1919,165,2
1919,164,2
1919,163,2
1919,162,2
1919,161,2
1919,160,2
1919,159,2
1919,158,2
1919,157,2
1919,156,2
1919,155,2
1919,154,2
1919,153,2
1919,152,2
1919,151,2
1919,150,2
1919,149,2
1919,148,2
1919,147,2
1919,146,2
1919,145,2
1919,144,2
1919,143,2
1919,142,2
1919,141,2
1919,140,2
1919,139,2
1919,138,2
1919,137,2
1919,136,2
1919,135,2
1919,134,2
1919,133,2
1919,132,2
1919,131,2
1919,130,2
1919,129,2
1919,128,2
1919,127,2
1919,126,2
1919,125,2
1919,124,2
1919,123,2
1919,122,2
1919,121,2
1919,120,2
1919,119,2
1919,118,2
1919,117,2
1919,116,2
1919,115,2
1919,114,2
1919,113,2
1919,112,2
1919,111,2
1919,110,2
1919,109,2
1919,108,2
1919,107,2
1919,106,2
1919,105,2
1919,104,2
1919,103,2
1919,102,2
1919,101,2
1919,100,2
1919,99,2
1919,98,2
1919,97,2
1919,96,2
1919,95,2
1919,94,2
1919,93,2
1919,92,2
1919,91,2
1919,90,2
1919,89,2
1919,88,2
1919,87,2
1919,86,2
1919,85,2
1919,84,2
1919,83,2
1919,82,2
1919,81,2
1919,80,2
1919,79,2
1919,78,2
1919,77,2
1919,76,2
1919,75,2
1919,74,2
1919,73,2
1919,72,2
1919,71,2
1919,70,2
1919,69,2
1919,68,2
1919,67,2
1919,66,2
1919,65,2
1919,64,2
1919,63,2
1919,62,2
1919,61,2
1919,60,2
1919,59,2
1919,58,2
1919,57,2
1919,56,2
1919,55,2
1919,54,2
1919,53,2
1919,52,2
1919,51,2
1919,50,2
1919,49,2
1919,48,2
1919,47,2
1919,46,2
1919,45,2
1919,44,2
1919,43,2
1919,42,2
1919,41,2
1919,40,2
1919,39,2
1919,38,2
1919,37,2
1919,36,2
1919,35,2
1919,34,2
1919,33,2
1919,32,2
1919,31,2
1919,30,2
1919,29,2
1919,28,2
1919,27,2
1919,26,2
1919,25,2
1919,24,2
1919,23,2
1919,22,2
1919,21,2
1919,20,2
1919,19,2
1919,18,2
1919,17,2
1919,16,2
1919,15,2
1919,14,2
1919,13,2
1919,12,2
1919,11,2
1919,10,2
1919,9,2
1919,8,2
1919,7,2
1919,6,2
1919,5,2
1919,4,2
1919,3,2
1919,2,2
1919,1,2
1919,0,2
1918,0,2
1917,0,2
1916,0,2
1915,0,2
1914,0,2
1913,0,2
1912,0,2
1911,0,2
1910,0,2
1909,0,2
1908,0,2
1907,0,2
1906,0,2
1905,0,2
1904,0,2
1903,0,2
1902,0,2
1901,0,2
1900,0,2
1899,0,2
1898,0,2
1897,0,2
1896,0,2
1895,0,2
1894,0,2
1893,0,2
1892,0,2
1891,0,2
1890,0,2
1889,0,2
1888,0,2
1887,0,2
1886,0,2
1885,0,2
1884,0,2
1883,0,2
1882,0,2
1881,0,2
1880,0,2
1879,0,2
1878,0,2
1877,0,2
1876,0,2
1875,0,2
1874,0,2
1873,0,2
1872,0,2
1871,0,2
1870,0,2
1869,0,2
1868,0,2
1867,0,2
1866,0,2
1865,0,2
1864,0,2
1863,0,2
1862,0,2
1861,0,2
1860,0,2
1859,0,2
1858,0,2
1857,0,2
1856,0,2
1855,0,2
1854,0,2
1853,0,2
1852,0,2
1851,0,2
1850,0,2
1849,0,2
1848,0,2
1847,0,2
1846,0,2
1845,0,2
1844,0,2
1843,0,2
1842,0,2
1841,0,2
1840,0,2
1839,0,2
1838,0,2
1837,0,2
1836,0,2
1835,0,2
1834,0,2
1833,0,2
1832,0,2
1831,0,2
1830,0,2
1829,0,2
1828,0,2
1827,0,2
1826,0,2
1825,0,2
1824,0,2
1823,0,2
1822,0,2
1821,0,2
1820,0,2
1819,0,2
1818,0,2
1817,0,2
1816,0,2
1815,0,2
1814,0,2
1813,0,2
1812,0,2
1811,0,2
1810,0,2
1809,0,2
1808,0,2
1807,0,2
1806,0,2
1805,0,2
1804,0,2
1803,0,2
1802,0,2
1801,0,2
1800,0,2
1799,0,2
1798,0,2
1797,0,2
1796,0,2
1795,0,2
1794,0,2
1793,0,2
1792,0,2
1791,0,2
1790,0,2
1789,0,2
1788,0,2
1787,0,2
1786,0,2
1785,0,2
1784,0,2
1783,0,2
1782,0,2
1781,0,2
1780,0,2
1779,0,2
1778,0,2
1777,0,2
1776,0,2
1775,0,2
1774,0,2
1773,0,2
1772,0,2
1771,0,2
1770,0,2
1769,0,2
1768,0,2
1767,0,2
1766,0,2
1765,0,2
1764,0,2
1763,0,2
1762,0,2
1761,0,2
1760,0,2
1759,0,2
1758,0,2
1757,0,2
1756,0,2
1755,0,2
1754,0,2
1753,0,2
1752,0,2
1751,0,2
1750,0,2
1749,0,2
1748,0,2
1747,0,2
1746,0,2
1745,0,2
1744,0,2
1743,0,2
1742,0,2
1741,0,2
1740,0,2
1739,0,2
1738,0,2
1737,0,2
1736,0,2
1735,0,2
1734,0,2
1733,0,2
1732,0,2
1731,0,2
1730,0,2
1729,0,2
1728,0,2
1727,0,2
1726,0,2
1725,0,2
1724,0,2
1723,0,2
1722,0,2
1721,0,2
1720,0,2
1719,0,2
1718,0,2
1717,0,2
1716,0,2
1715,0,2
1714,0,2
1713,0,2
1712,0,2
1711,0,2
1710,0,2
1709,0,2
1708,0,2
1707,0,2
1706,0,2
1705,0,2
1704,0,2
1703,0,2
1702,0,2
1701,0,2
1700,0,2
1699,0,2
1698,0,2
1697,0,2
1696,0,2
1695,0,2
1694,0,2
1693,0,2
1692,0,2
1691,0,2
1690,0,2
1689,0,2
1688,0,2
1687,0,2
1686,0,2
1685,0,2
1684,0,2
1683,0,2
1682,0,2
1681,0,2
1680,0,2
1679,0,2
1678,0,2
1677,0,2
1676,0,2
1675,0,2
1674,0,2
1673,0,2
1672,0,2
1671,0,2
1670,0,2
1669,0,2
1668,0,2
1667,0,2
1666,0,2
1665,0,2
1664,0,2
1663,0,2
1662,0,2
1661,0,2
1660,0,2
1659,0,2
1658,0,2
1657,0,2
1656,0,2
1655,0,2
1654,0,2
1653,0,2
1652,0,2
1651,0,2
1650,0,2
1649,0,2
1648,0,2
1647,0,2
1646,0,2
1645,0,2
1644,0,2
1643,0,2
1642,0,2
1641,0,2
1640,0,2
1639,0,2
1638,0,2
1637,0,2
1636,0,2
1635,0,2
1634,0,2
1633,0,2
1632,0,2
1631,0,2
1630,0,2
1629,0,2
1628,0,2
1627,0,2
1626,0,2
1625,0,2
1624,0,2
1623,0,2
1622,0,2
1621,0,2
1620,0,2
1619,0,2
1618,0,2
1617,0,2
1616,0,2
1615,0,2
1614,0,2
1613,0,2
1612,0,2
1611,0,2
1610,0,2
1609,0,2
1608,0,2
1607,0,2
1606,0,2
1605,0,2
1604,0,2
1603,0,2
1602,0,2
1601,0,2
1600,0,2
1599,0,2
1598,0,2
1597,0,2
1596,0,2
1595,0,2
1594,0,2
1593,0,2
1592,0,2
1591,0,2
1590,0,2
1589,0,2
1588,0,2
1587,0,2
1586,0,2
1585,0,2
1584,0,2
1583,0,2
1582,0,2
1581,0,2
1580,0,2
1579,0,2
1578,0,2
1577,0,2
1576,0,2
1575,0,2
1574,0,2
1573,0,2
1572,0,2
1571,0,2
1570,0,2
1569,0,2
1568,0,2
1567,0,2
1566,0,2
1565,0,2
1564,0,2
1563,0,2
1562,0,2
1561,0,2
1560,0,2
1559,0,2
1558,0,2
1557,0,2
1556,0,2
1555,0,2
1554,0,2
1553,0,2
1552,0,2
1551,0,2
1550,0,2
1549,0,2
1548,0,2
1547,0,2
1546,0,2
1545,0,2
1544,0,2
1543,0,2
1542,0,2
1541,0,2
1540,0,2
1539,0,2
1538,0,2
1537,0,2
1536,0,2
1535,0,2
1534,0,2
1533,0,2
1532,0,2
1531,0,2
1530,0,2
1529,0,2
1528,0,2
1527,0,2
1526,0,2
1525,0,2
1524,0,2
1523,0,2
1522,0,2
1521,0,2
1520,0,2
1519,0,2
1518,0,2
1517,0,2
1516,0,2
1515,0,2
1514,0,2
1513,0,2
1512,0,2
1511,0,2
1510,0,2
1509,0,2
1508,0,2
1507,0,2
1506,0,2
1505,0,2
1504,0,2
1503,0,2
1502,0,2
1501,0,2
1500,0,2
1499,0,2
1498,0,2
1497,0,2
1496,0,2
1495,0,2
1494,0,2
1493,0,2
1492,0,2
1491,0,2
1490,0,2
1489,0,2
1488,0,2
1487,0,2
1486,0,2
1485,0,2
1484,0,2
1483,0,2
1482,0,2
1481,0,2
1480,0,2
1479,0,2
1478,0,2
1477,0,2
1476,0,2
1475,0,2
1474,0,2
1473,0,2
1472,0,2
1471,0,2
1470,0,2
1469,0,2
1468,0,2
1467,0,2
1466,0,2
1465,0,2
1464,0,2
1463,0,2
1462,0,2
1461,0,2
1460,0,2
1459,0,2
1458,0,2
1457,0,2
1456,0,2
1455,0,2
1454,0,2
1453,0,2
1452,0,2
1451,0,2
1450,0,2
1449,0,2
1448,0,2
1447,0,2
1446,0,2
1445,0,2
1444,0,2
1443,0,2
1442,0,2
1441,0,2
1440,0,2
1439,0,2
1438,0,2
1437,0,2
1436,0,2
1435,0,2
1434,0,2
1433,0,2
1432,0,2
1431,0,2
1430,0,2
1429,0,2
1428,0,2
1427,0,2
1426,0,2
1425,0,2
1424,0,2
1423,0,2
1422,0,2
1421,0,2
1420,0,2
1419,0,2
1418,0,2
1417,0,2
1416,0,2
1415,0,2
1414,0,2
1413,0,2
1412,0,2
1411,0,2
1410,0,2
1409,0,2
1408,0,2
1407,0,2
1406,0,2
1405,0,2
1404,0,2
1403,0,2
1402,0,2
1401,0,2
1400,0,2
1399,0,2
1398,0,2
1397,0,2
1396,0,2
1395,0,2
1394,0,2
1393,0,2
1392,0,2
1391,0,2
1390,0,2
1389,0,2
1388,0,2
1387,0,2
1386,0,2
1385,0,2
1384,0,2
1383,0,2
1382,0,2
1381,0,2
1380,0,2
1379,0,2
1378,0,2
1377,0,2
1376,0,2
1375,0,2
1374,0,2
1373,0,2
1372,0,2
1371,0,2
1370,0,2
1369,0,2
1368,0,2
1367,0,2
1366,0,2
1365,0,2
1364,0,2
1363,0,2
1362,0,2
1361,0,2
1360,0,2
1359,0,2
1358,0,2
1357,0,2
1356,0,2
1355,0,2
1354,0,2
1353,0,2
1352,0,2
1351,0,2
1350,0,2
1349,0,2
1348,0,2
1347,0,2
1346,0,2
1345,0,2
1344,0,2
1343,0,2
1342,0,2
1341,0,2
1340,0,2
1339,0,2
1338,0,2
1337,0,2
1336,0,2
1335,0,2
1334,0,2
1333,0,2
1332,0,2
1331,0,2
1330,0,2
1329,0,2
1328,0,2
1327,0,2
1326,0,2
1325,0,2
1324,0,2
1323,0,2
1322,0,2
1321,0,2
1320,0,2
1319,0,2
1318,0,2
1317,0,2
1316,0,2
1315,0,2
1314,0,2
1313,0,2
1312,0,2
1311,0,2
1310,0,2
1309,0,2
1308,0,2
1307,0,2
1306,0,2
1305,0,2
1304,0,2
1303,0,2
1302,0,2
1301,0,2
1300,0,2
1299,0,2
1298,0,2
1297,0,2
1296,0,2
1295,0,2
1294,0,2
1293,0,2
1292,0,2
1291,0,2
1290,0,2
1289,0,2
1288,0,2
1287,0,2
1286,0,2
1285,0,2
1284,0,2
1283,0,2
1282,0,2
1281,0,2
1280,0,2
1279,0,2
1278,0,2
1277,0,2
1276,0,2
1275,0,2
1274,0,2
1273,0,2
1272,0,2
1271,0,2
1270,0,2
1269,0,2
1268,0,2
1267,0,2
1266,0,2
1265,0,2
1264,0,2
1263,0,2
1262,0,2
1261,0,2
1260,0,2
1259,0,2
1258,0,2
1257,0,2
1256,0,2
1255,0,2
1254,0,2
1253,0,2
1252,0,2
1251,0,2
1250,0,2
1249,0,2
1248,0,2
1247,0,2
1246,0,2
1245,0,2
1244,0,2
1243,0,2
1242,0,2
1241,0,2
1240,0,2
1239,0,2
1238,0,2
1237,0,2
1236,0,2
1235,0,2
1234,0,2
1233,0,2
1232,0,2
1231,0,2
1230,0,2
1229,0,2
1228,0,2
1227,0,2
1226,0,2
1225,0,2
1224,0,2
1223,0,2
1222,0,2
1221,0,2
1220,0,2
1219,0,2
1218,0,2
1217,0,2
1216,0,2
1215,0,2
1214,0,2
1213,0,2
1212,0,2
1211,0,2
1210,0,2
1209,0,2
1208,0,2
1207,0,2
1206,0,2
1205,0,2
1204,0,2
1203,0,2
1202,0,2
1201,0,2
1200,0,2
1199,0,2
1198,0,2
1197,0,2
1196,0,2
1195,0,2
1194,0,2
1193,0,2
1192,0,2
1191,0,2
1190,0,2
1189,0,2
1188,0,2
1187,0,2
1186,0,2
1185,0,2
1184,0,2
1183,0,2
1182,0,2
1181,0,2
1180,0,2
1179,0,2
1178,0,2
1177,0,2
1176,0,2
1175,0,2
1174,0,2
1173,0,2
1172,0,2
1171,0,2
1170,0,2
1169,0,2
1168,0,2
1167,0,2
1166,0,2
1165,0,2
1164,0,2
1163,0,2
1162,0,2
1161,0,2
1160,0,2
1159,0,2
1158,0,2
1157,0,2
1156,0,2
1155,0,2
1154,0,2
1153,0,2
1152,0,2
1151,0,2
1150,0,2
1149,0,2
1148,0,2
1147,0,2
1146,0,2
1145,0,2
1144,0,2
1143,0,2
1142,0,2
1141,0,2
1140,0,2
1139,0,2
1138,0,2
1137,0,2
1136,0,2
1135,0,2
1134,0,2
1133,0,2
1132,0,2
1131,0,2
1130,0,2
1129,0,2
1128,0,2
1127,0,2
1126,0,2
1125,0,2
1124,0,2
1123,0,2
1122,0,2
1121,0,2
1120,0,2
1119,0,2
1118,0,2
1117,0,2
1116,0,2
1115,0,2
1114,0,2
1113,0,2
1112,0,2
1111,0,2
1110,0,2
1109,0,2
1108,0,2
1107,0,2
1106,0,2
1105,0,2
1104,0,2
1103,0,2
1102,0,2
1101,0,2
1100,0,2
1099,0,2
1098,0,2
1097,0,2
1096,0,2
1095,0,2
1094,0,2
1093,0,2
1092,0,2
1091,0,2
1090,0,2
1089,0,2
1088,0,2
1087,0,2
1086,0,2
1085,0,2
1084,0,2
1083,0,2
1082,0,2
1081,0,2
1080,0,2
1079,0,2
1078,0,2
1077,0,2
1076,0,2
1075,0,2
1074,0,2
1073,0,2
1072,0,2
1071,0,2
1070,0,2
1069,0,2
1068,0,2
1067,0,2
1066,0,2
1065,0,2
1064,0,2
1063,0,2
1062,0,2
1061,0,2
1060,0,2
1059,0,2
1058,0,2
1057,0,2
1056,0,2
1055,0,2
1054,0,2
1053,0,2
1052,0,2
1051,0,2
1050,0,2
1049,0,2
1048,0,2
1047,0,2
1046,0,2
1045,0,2
1044,0,2
1043,0,2
1042,0,2
1041,0,2
1040,0,2
1039,0,2
1038,0,2
1037,0,2
1036,0,2
1035,0,2
1034,0,2
1033,0,2
1032,0,2
1031,0,2
1030,0,2
1029,0,2
1028,0,2
1027,0,2
1026,0,2
1025,0,2
1024,0,2
1023,0,2
1022,0,2
1021,0,2
1020,0,2
1019,0,2
1018,0,2
1017,0,2
1016,0,2
1015,0,2
1014,0,2
1013,0,2
1012,0,2
1011,0,2
1010,0,2
1009,0,2
1008,0,2
1007,0,2
1006,0,2
1005,0,2
1004,0,2
1003,0,2
1002,0,2
1001,0,2
1000,0,2
999,0,2
998,0,2
997,0,2
996,0,2
995,0,2
994,0,2
993,0,2
992,0,2
991,0,2
990,0,2
989,0,2
988,0,2
987,0,2
986,0,2
985,0,2
984,0,2
983,0,2
982,0,2
981,0,2
980,0,2
979,0,2
978,0,2
977,0,2
976,0,2
975,0,2
974,0,2
973,0,2
972,0,2
971,0,2
970,0,2
969,0,2
968,0,2
967,0,2
966,0,2
965,0,2
964,0,2
963,0,2
962,0,2
961,0,2
960,0,2
959,0,2
958,0,2
957,0,2
956,0,2
955,0,2
954,0,2
953,0,2
952,0,2
951,0,2
950,0,2
949,0,2
948,0,2
947,0,2
946,0,2
945,0,2
944,0,2
943,0,2
942,0,2
941,0,2
940,0,2
939,0,2
938,0,2
937,0,2
936,0,2
935,0,2
934,0,2
933,0,2
932,0,2
931,0,2
930,0,2
929,0,2
928,0,2
927,0,2
926,0,2
925,0,2
924,0,2
923,0,2
922,0,2
921,0,2
920,0,2
919,0,2
918,0,2
917,0,2
916,0,2
915,0,2
914,0,2
913,0,2
912,0,2
911,0,2
910,0,2
909,0,2
908,0,2
907,0,2
906,0,2
905,0,2
904,0,2
903,0,2
902,0,2
901,0,2
900,0,2
899,0,2
898,0,2
897,0,2
896,0,2
895,0,2
894,0,2
893,0,2
892,0,2
891,0,2
890,0,2
889,0,2
888,0,2
887,0,2
886,0,2
885,0,2
884,0,2
883,0,2
882,0,2
881,0,2
880,0,2
879,0,2
878,0,2
877,0,2
876,0,2
875,0,2
874,0,2
873,0,2
872,0,2
871,0,2
870,0,2
869,0,2
868,0,2
867,0,2
866,0,2
865,0,2
864,0,2
863,0,2
862,0,2
861,0,2
860,0,2
859,0,2
858,0,2
857,0,2
856,0,2
855,0,2
854,0,2
853,0,2
852,0,2
851,0,2
850,0,2
849,0,2
848,0,2
847,0,2
846,0,2
845,0,2
844,0,2
843,0,2
842,0,2
841,0,2
840,0,2
839,0,2
838,0,2
837,0,2
836,0,2
835,0,2
834,0,2
833,0,2
832,0,2
831,0,2
830,0,2
829,0,2
828,0,2
827,0,2
826,0,2
825,0,2
824,0,2
823,0,2
822,0,2
821,0,2
820,0,2
819,0,2
818,0,2
817,0,2
816,0,2
815,0,2
814,0,2
813,0,2
812,0,2
811,0,2
810,0,2
809,0,2
808,0,2
807,0,2
806,0,2
805,0,2
804,0,2
803,0,2
802,0,2
801,0,2
800,0,2
799,0,2
798,0,2
797,0,2
796,0,2
795,0,2
794,0,2
793,0,2
792,0,2
791,0,2
790,0,2
789,0,2
788,0,2
787,0,2
786,0,2
785,0,2
784,0,2
783,0,2
782,0,2
781,0,2
780,0,2
779,0,2
778,0,2
777,0,2
776,0,2
775,0,2
774,0,2
773,0,2
772,0,2
771,0,2
770,0,2
769,0,2
768,0,2
767,0,2
766,0,2
765,0,2
764,0,2
763,0,2
762,0,2
761,0,2
760,0,2
759,0,2
758,0,2
757,0,2
756,0,2
755,0,2
754,0,2
753,0,2
752,0,2
751,0,2
750,0,2
749,0,2
748,0,2
747,0,2
746,0,2
745,0,2
744,0,2
743,0,2
742,0,2
741,0,2
740,0,2
739,0,2
738,0,2
737,0,2
736,0,2
735,0,2
734,0,2
733,0,2
732,0,2
731,0,2
730,0,2
729,0,2
728,0,2
727,0,2
726,0,2
725,0,2
724,0,2
723,0,2
722,0,2
721,0,2
720,0,2
719,0,2
718,0,2
717,0,2
716,0,2
715,0,2
714,0,2
713,0,2
712,0,2
711,0,2
710,0,2
709,0,2
708,0,2
707,0,2
706,0,2
705,0,2
704,0,2
703,0,2
702,0,2
701,0,2
700,0,2
699,0,2
698,0,2
697,0,2
696,0,2
695,0,2
694,0,2
693,0,2
692,0,2
691,0,2
690,0,2
689,0,2
688,0,2
687,0,2
686,0,2
685,0,2
684,0,2
683,0,2
682,0,2
681,0,2
680,0,2
679,0,2
678,0,2
677,0,2
676,0,2
675,0,2
674,0,2
673,0,2
672,0,2
671,0,2
670,0,2
669,0,2
668,0,2
667,0,2
666,0,2
665,0,2
664,0,2
663,0,2
662,0,2
661,0,2
660,0,2
659,0,2
658,0,2
657,0,2
656,0,2
655,0,2
654,0,2
653,0,2
652,0,2
651,0,2
650,0,2
649,0,2
648,0,2
647,0,2
646,0,2
645,0,2
644,0,2
643,0,2
642,0,2
641,0,2
640,0,2
639,0,2
638,0,2
637,0,2
636,0,2
635,0,2
634,0,2
633,0,2
632,0,2
631,0,2
630,0,2
629,0,2
628,0,2
627,0,2
626,0,2
625,0,2
624,0,2
623,0,2
622,0,2
621,0,2
620,0,2
619,0,2
618,0,2
617,0,2
616,0,2
615,0,2
614,0,2
613,0,2
612,0,2
611,0,2
610,0,2
609,0,2
608,0,2
607,0,2
606,0,2
605,0,2
604,0,2
603,0,2
602,0,2
601,0,2
600,0,2
599,0,2
598,0,2
597,0,2
596,0,2
595,0,2
594,0,2
593,0,2
592,0,2
591,0,2
590,0,2
589,0,2
588,0,2
587,0,2
586,0,2
585,0,2
584,0,2
583,0,2
582,0,2
581,0,2
580,0,2
579,0,2
578,0,2
577,0,2
576,0,2
575,0,2
574,0,2
573,0,2
572,0,2
571,0,2
570,0,2
569,0,2
568,0,2
567,0,2
566,0,2
565,0,2
564,0,2
563,0,2
562,0,2
561,0,2
560,0,2
559,0,2
558,0,2
557,0,2
556,0,2
555,0,2
554,0,2
553,0,2
552,0,2
551,0,2
550,0,2
549,0,2
548,0,2
547,0,2
546,0,2
545,0,2
544,0,2
543,0,2
542,0,2
541,0,2
540,0,2
539,0,2
538,0,2
537,0,2
536,0,2
535,0,2
534,0,2
533,0,2
532,0,2
531,0,2
530,0,2
529,0,2
528,0,2
527,0,2
526,0,2
525,0,2
524,0,2
523,0,2
522,0,2
521,0,2
520,0,2
519,0,2
518,0,2
517,0,2
516,0,2
515,0,2
514,0,2
513,0,2
512,0,2
511,0,2
510,0,2
509,0,2
508,0,2
507,0,2
506,0,2
505,0,2
504,0,2
503,0,2
502,0,2
501,0,2
500,0,2
499,0,2
498,0,2
497,0,2
496,0,2
495,0,2
494,0,2
493,0,2
492,0,2
491,0,2
490,0,2
489,0,2
488,0,2
487,0,2
486,0,2
485,0,2
484,0,2
483,0,2
482,0,2
481,0,2
480,0,2
479,0,2
478,0,2
477,0,2
476,0,2
475,0,2
474,0,2
473,0,2
472,0,2
471,0,2
470,0,2
469,0,2
468,0,2
467,0,2
466,0,2
465,0,2
464,0,2
463,0,2
462,0,2
461,0,2
460,0,2
459,0,2
458,0,2
457,0,2
456,0,2
455,0,2
454,0,2
453,0,2
452,0,2
451,0,2
450,0,2
449,0,2
448,0,2
447,0,2
446,0,2
445,0,2
444,0,2
443,0,2
442,0,2
441,0,2
440,0,2
439,0,2
438,0,2
437,0,2
436,0,2
435,0,2
434,0,2
433,0,2
432,0,2
431,0,2
430,0,2
429,0,2
428,0,2
427,0,2
426,0,2
425,0,2
424,0,2
423,0,2
422,0,2
421,0,2
420,0,2
419,0,2
418,0,2
417,0,2
416,0,2
415,0,2
414,0,2
413,0,2
412,0,2
411,0,2
410,0,2
409,0,2
408,0,2
407,0,2
406,0,2
405,0,2
404,0,2
403,0,2
402,0,2
401,0,2
400,0,2
399,0,2
398,0,2
397,0,2
396,0,2
395,0,2
394,0,2
393,0,2
392,0,2
391,0,2
390,0,2
389,0,2
388,0,2
387,0,2
386,0,2
385,0,2
384,0,2
383,0,2
382,0,2
381,0,2
380,0,2
379,0,2
378,0,2
377,0,2
376,0,2
375,0,2
374,0,2
373,0,2
372,0,2
371,0,2
370,0,2
369,0,2
368,0,2
367,0,2
366,0,2
365,0,2
364,0,2
363,0,2
362,0,2
361,0,2
360,0,2
359,0,2
358,0,2
357,0,2
356,0,2
355,0,2
354,0,2
353,0,2
352,0,2
351,0,2
350,0,2
349,0,2
348,0,2
347,0,2
346,0,2
345,0,2
344,0,2
343,0,2
342,0,2
341,0,2
340,0,2
339,0,2
338,0,2
337,0,2
336,0,2
335,0,2
334,0,2
333,0,2
332,0,2
331,0,2
330,0,2
329,0,2
328,0,2
327,0,2
326,0,2
325,0,2
324,0,2
323,0,2
322,0,2
321,0,2
320,0,2
319,0,2
318,0,2
317,0,2
316,0,2
315,0,2
314,0,2
313,0,2
312,0,2
311,0,2
310,0,2
309,0,2
308,0,2
307,0,2
306,0,2
305,0,2
304,0,2
303,0,2
302,0,2
301,0,2
300,0,2
299,0,2
298,0,2
297,0,2
296,0,2
295,0,2
294,0,2
293,0,2
292,0,2
291,0,2
290,0,2
289,0,2
288,0,2
287,0,2
286,0,2
285,0,2
284,0,2
283,0,2
282,0,2
281,0,2
280,0,2
279,0,2
278,0,2
277,0,2
276,0,2
275,0,2
274,0,2
273,0,2
272,0,2
271,0,2
270,0,2
269,0,2
268,0,2
267,0,2
266,0,2
265,0,2
264,0,2
263,0,2
262,0,2
261,0,2
260,0,2
259,0,2
258,0,2
257,0,2
256,0,2
255,0,2
254,0,2
253,0,2
252,0,2
251,0,2
250,0,2
249,0,2
248,0,2
247,0,2
246,0,2
245,0,2
244,0,2
243,0,2
242,0,2
241,0,2
240,0,2
239,0,2
238,0,2
237,0,2
236,0,2
235,0,2
234,0,2
233,0,2
232,0,2
231,0,2
230,0,2
229,0,2
228,0,2
227,0,2
226,0,2
225,0,2
224,0,2
223,0,2
222,0,2
221,0,2
220,0,2
219,0,2
218,0,2
217,0,2
216,0,2
215,0,2
214,0,2
213,0,2
212,0,2
211,0,2
210,0,2
209,0,2
208,0,2
207,0,2
206,0,2
205,0,2
204,0,2
203,0,2
202,0,2
201,0,2
200,0,2
199,0,2
198,0,2
197,0,2
196,0,2
195,0,2
194,0,2
193,0,2
192,0,2
191,0,2
190,0,2
189,0,2
188,0,2
187,0,2
186,0,2
185,0,2
184,0,2
183,0,2
182,0,2
181,0,2
180,0,2
179,0,2
178,0,2
177,0,2
176,0,2
175,0,2
174,0,2
173,0,2
172,0,2
171,0,2
170,0,2
169,0,2
168,0,2
167,0,2
166,0,2
165,0,2
164,0,2
163,0,2
162,0,2
161,0,2
160,0,2
159,0,2
158,0,2
157,0,2
156,0,2
155,0,2
154,0,2
153,0,2
152,0,2
151,0,2
150,0,2
149,0,2
148,0,2
147,0,2
146,0,2
145,0,2
144,0,2
143,0,2
142,0,2
141,0,2
140,0,2
139,0,2
138,0,2
137,0,2
136,0,2
135,0,2
134,0,2
133,0,2
132,0,2
131,0,2
130,0,2
129,0,2
128,0,2
127,0,2
126,0,2
125,0,2
124,0,2
123,0,2
122,0,2
121,0,2
120,0,2
119,0,2
118,0,2
117,0,2
116,0,2
115,0,2
114,0,2
113,0,2
112,0,2
111,0,2
110,0,2
109,0,2
108,0,2
107,0,2
106,0,2
105,0,2
104,0,2
103,0,2
102,0,2
101,0,2
100,0,2
99,0,2
98,0,2
97,0,2
96,0,2
95,0,2
94,0,2
93,0,2
92,0,2
91,0,2
90,0,2
89,0,2
88,0,2
87,0,2
86,0,2
85,0,2
84,0,2
83,0,2
82,0,2
81,0,2
80,0,2
79,0,2
78,0,2
77,0,2
76,0,2
75,0,2
74,0,2
73,0,2
72,0,2
71,0,2
70,0,2
69,0,2
68,0,2
67,0,2
66,0,2
65,0,2
64,0,2
63,0,2
62,0,2
61,0,2
60,0,2
59,0,2
58,0,2
57,0,2
56,0,2
55,0,2
54,0,2
53,0,2
52,0,2
51,0,2
50,0,2
49,0,2
48,0,2
47,0,2
46,0,2
45,0,2
44,0,2
43,0,2
42,0,2
41,0,2
40,0,2
39,0,2
38,0,2
37,0,2
36,0,2
35,0,2
34,0,2
33,0,2
32,0,2
31,0,2
30,0,2
29,0,2
28,0,2
27,0,2
26,0,2
25,0,2
24,0,2
23,0,2
22,0,2
21,0,2
20,0,2
19,0,2
18,0,2
17,0,2
16,0,2
15,0,2
14,0,2
13,0,2
12,0,2
11,0,2
10,0,2
9,0,2
8,0,2
7,0,2
6,0,2
5,0,2
4,0,2
3,0,2
2,0,2
1,0,2
