x,y
1548,305
1548,304
1547,303
1549,303
1548,302

1357,408
1357,409
1357,410
1357,411
1356,412
1356,413
1356,414
1356,415
1356,416
1357,416
1355,417
1357,417
1355,418
1356,418
1355,419
1355,420
1355,421
1356,421
1354,422
1356,422
1354,423
1356,423
1354,424
1356,424
1354,425
1356,425
1354,426
1356,426
1353,427
1356,427
1353,428
1356,428
1353,429
1356,429
1353,430
1356,430
1353,431
1356,431
1353,432
1356,432
1352,433
1356,433
1352,434
1356,434
1352,435
1356,435
1352,436
1356,436
1352,437
1355,437
1351,438
1355,438
1351,439
1355,439
1351,440
1355,440
1351,441
1355,441
1351,442
1355,442
1351,443
1355,443
1350,444
1355,444
1350,445
1355,445
1350,446
1355,446
1356,447
1357,447
1358,448
1359,448
1360,449
1361,450
1362,450
1363,451
1364,452
1365,452
1366,453
1367,453
1368,454
1369,455
1370,455
1371,456
1372,457
1373,457
1374,458
1375,458
1376,459
1376,460
1376,461
1375,462
1375,463
1375,464
1375,465
1374,466
1374,467
1374,468
1374,469
1373,470
1373,471
1373,472
1373,473
1372,474
1372,475
1372,476
1372,477
1371,478
1371,479
1371,480
1371,481
1370,482
1370,483
1370,484
1370,485
1371,486
1371,487
1372,488
1372,489
1373,490
1373,491
1373,492
1374,493
1374,494
1375,495
1375,496
1376,497
1377,497
1378,496
1379,495
1379,497
1379,494
1380,495
1380,496
1379,498
1380,493
1381,494
1378,499
1381,492
1381,493
1378,500
1382,491
1382,492
1377,501
1383,490
1377,502
1376,503

1122,421
1121,420
1120,419
1119,418
1118,417
1117,416
1116,415
1115,414
1114,413
1113,412
1112,411
1111,411
1110,410
1109,410
1108,409
1107,409
1106,408
1105,408
1104,407
1103,407
1102,406
1101,406
1100,405
1099,405
1098,405
1097,405
1096,404
1095,404
1094,404
1093,404
1092,404
1091,404
1090,403
1089,403
1088,403
1087,403
1086,403
1085,403
1084,403
1083,402
1082,402
1081,402
1080,402
1079,402
1078,402
1077,402
1076,402
1075,402
1074,403
1073,403
1072,403
1071,403
1070,403
1069,403
1068,403
1067,403
1066,403
1065,403
1064,404
1063,404
1062,404
1061,404
1060,404
1059,404
1058,404
1057,405
1056,405
1055,406
1054,406
1053,407
1052,407
1051,408
1050,408
1049,409
1048,409
1047,410
1046,410
1045,411
1044,411
1043,412
1042,412
1041,413
1040,413
1039,414
1038,415
1037,416
1036,417
1035,418
1034,419
1033,420
1032,421
1031,421
1030,422
1029,423
1028,424
1027,425
1026,426
1025,427
1024,428

830,425
831,424
831,423
832,422
833,421
833,420
834,419
835,418
836,417
836,416
837,415
838,414
839,414
840,413
841,412
842,412
843,411
844,410
845,410
846,409
847,408
848,408
849,407
850,407
851,407
852,406
853,406
854,406
855,406
856,406
857,405
858,405
859,405
860,405
861,404
862,404
863,404
864,404
865,404
866,403
867,403
868,403
869,403
870,403
871,403
872,403
873,403
874,404
875,404
876,404
877,404
878,404
879,404
880,404
881,404
882,404
883,404
884,405
885,405
886,405
887,405
888,405
889,405
890,405
891,406
892,406
893,407
894,407
895,408
896,408
897,409
898,409
899,410
900,410
901,411
902,411
903,412
904,412
905,413
906,413
907,414
908,415
909,416
910,417
911,417
912,418
913,419
914,420
915,421
916,422
917,423
918,424
919,424
920,425
921,426
922,427
923,428

1086,426
1086,427
1086,428
1086,429
1086,430
1086,431
1086,432
1085,433
1085,434
1084,435
1085,435
1084,436
1083,437
1084,437
1082,438
1083,438
1081,439
1082,439
1080,440
1081,440
1079,441
1080,441
1078,442
1077,442
1076,442
1076,443
1075,443
1076,444
1077,444
1074,443
1078,444
1073,443
1079,444
1072,443
1080,444
1071,443
1081,444
1070,443
1082,443
1069,443
1083,443
1068,443
1068,444
1084,443
1067,442
1067,444
1085,443
1066,442
1066,444
1086,443
1065,441
1065,442
1065,444
1087,443
1064,440
1064,441
1064,444
1088,443
1063,440
1063,444
1089,443
1062,439
1062,444
1090,443
1061,438
1061,444
1091,442
1060,437
1060,444
1092,442
1060,436
1059,444
1093,442
1059,435
1058,444
1094,442
1059,434
1057,444
1095,441
1058,433
1059,433
1056,444
1096,441
1058,432
1055,444
1097,441
1058,431
1054,444
1098,440
1058,430
1053,444
1099,440
1058,429
1052,444
1100,440
1058,428
1051,444
1101,439
1058,427
1050,443
1102,439
1057,426
1058,426
1049,443
1103,439
1056,426
1059,425
1048,443
1104,439
1055,426
1060,425
1047,443
1105,438
1054,427
1061,425
1046,443
1106,438
1053,427
1062,424
1045,443
1107,437
1052,427
1063,423
1044,443
1108,437
1051,427
1064,423
1043,443
1109,436
1050,428
1065,422
1042,443
1110,435
1049,428
1066,421
1041,443
1111,435
1048,428
1067,420
1040,443
1112,434
1047,428
1068,419
1039,443
1046,429
1069,419
1038,443
1045,429
1070,418
1037,442
1044,429
1071,417
1036,442
1043,430
1072,417
1035,442
1042,430
1073,418
1034,442
1041,431
1074,418
1033,442
1040,431
1075,419
1032,442
1039,432
1076,419
1031,442
1038,433
1077,419
1030,442
1037,433
1078,420
1029,441
1036,434
1079,420
1028,441
1035,434
1080,420
1027,440
1027,441
1034,435
1081,421
1028,439
1033,435
1082,421
1029,439
1032,436
1083,422
1030,438
1031,437
1084,422
1085,422
1086,423
1087,423
1088,423
1089,424
1090,424
1091,425
1092,425
1093,425
1094,426
1095,426
1096,427
1097,427
1098,427
1099,428
1100,428
1101,429
1102,429
1103,429
1104,430
1105,430
1106,431
1107,431
1108,432

863,429
863,430
863,431
863,432
863,433
863,434
863,435
863,436
863,437
864,437
864,438
864,439
865,439
865,440
865,441
866,441
866,442
867,442
867,443
868,443
868,444
869,444
870,445
871,445
872,445
872,446
873,446
874,446
875,446
876,446
877,446
878,446
879,446
880,446
881,446
882,445
882,447
883,444
883,445
883,447
881,448
884,444
884,447
880,448
885,443
885,444
885,447
879,448
886,442
886,443
886,447
878,448
887,441
887,442
887,447
877,448
888,440
888,441
888,447
876,448
889,439
889,447
875,448
889,438
890,446
874,448
889,437
890,437
891,446
873,448
890,436
892,446
872,448
890,435
893,446
871,448
890,434
894,446
870,448
890,433
895,446
869,448
890,432
896,445
868,448
890,431
897,445
867,448
890,430
898,445
866,448
890,429
899,445
865,448
900,445
864,448
901,444
863,448
902,444
862,448
903,444
861,447
904,444
860,447
905,443
859,447
906,443
858,447
907,443
857,447
908,443
856,446
909,443
855,446
910,442
854,446
911,442
853,446
912,442
852,445
913,442
851,445
914,441
850,444
915,441
849,444
916,441
848,443
917,441
847,443
918,441
846,442
919,440
845,442
920,439
920,440
844,441
919,438
843,441
918,438
842,440
917,437
841,440
916,436
840,439
915,435
914,435
913,434
912,434
911,433
910,433
909,432
908,432
907,431
906,431
905,430
904,430
903,430
902,429
901,429
900,429
899,429
898,428
897,428
896,428
895,428
894,427
893,427
892,427
891,427
890,426
889,426
888,426
887,425
886,425
885,424
884,424
883,423
882,423
881,422
880,422
879,421
878,421
877,420
876,420
875,420
874,421
873,421
872,422
871,422
870,423
869,423
868,424
867,424
866,424
865,425
864,425
863,426
862,426
861,427
860,427
859,428
858,428
857,428
856,429
855,429
854,430
853,430
852,431
851,431
850,432
849,432
848,433
847,434
846,434
845,435
844,436

955,451
955,452
955,453
955,454
955,455
955,456
955,457
955,458
955,459
955,460
955,461
955,462
955,463
955,464
955,465
955,466
955,467
955,468
955,469
955,470
955,471
955,472
955,473
954,474
954,475
953,476
953,477
952,478
952,479
951,480
951,481
950,482
950,483
949,484
949,485
949,486
948,487
948,488
947,489
947,490
946,491
946,492
945,493
945,494
944,495
944,496
943,497
943,498
942,499
941,500
940,501
939,502
938,503
937,504
936,504
935,505
934,506
933,507
932,508
931,509
930,510
929,511
928,512
927,513
926,514
925,515
924,516
923,517
922,518
921,519
920,520
919,521
919,522
918,523
918,524
917,525
917,526
916,527
916,528
915,529
915,530
914,531
914,532
913,533
913,534
913,535
913,536
913,537
913,538
913,539
914,540
914,541
914,542
914,543
914,544
914,545
914,546
914,547
913,548
913,549
913,550
913,551
914,552
914,553
915,554
916,555
916,556
917,557
918,558
919,559
919,560
920,561
921,561
922,561
923,560
924,560
925,560
926,560
927,559
928,559
929,559
930,559
931,558
932,558
933,558
934,558
935,559
936,559
937,559
938,559
939,560
940,560
941,560
942,560
943,561
944,561
945,562
945,563
946,564
947,565
948,566
949,567
950,568

929,454
928,455
927,455
926,456
925,456
924,457
923,457
922,458
921,458
920,459
919,459
918,460
917,460
916,460
915,461
914,461
913,462
912,462
911,462
910,463
909,463
908,464
907,464
906,465
905,465
904,465
903,466
902,466
901,467
900,467
899,467
898,467
897,468
896,468
895,468
894,468
893,469
892,469
891,469
890,469
889,470
888,470
887,470
886,470
885,470
884,471
883,471
882,471
881,471
880,472
879,472
878,472
877,472
876,472
875,472
874,472
873,472
872,472
871,472
870,472
869,472
868,472
867,472
866,473
865,473
864,473
863,473
862,473
861,473
860,473
859,473
858,473
857,473
856,473
855,473
854,473
853,472
852,472
851,472
850,472
849,471
848,471
847,471
846,470
845,470
844,470
843,470
842,469
841,469
840,469
839,469
838,468
837,468

1021,454
1022,454
1023,455
1024,455
1025,456
1026,456
1027,457
1028,457
1029,458
1030,458
1031,459
1032,459
1033,460
1034,460
1035,460
1036,460
1037,461
1038,461
1039,461
1040,461
1041,462
1042,462
1043,462
1044,462
1045,463
1046,463
1047,463
1048,463
1049,464
1050,464
1051,464
1052,464
1053,465
1054,465
1055,465
1056,465
1057,465
1058,465
1059,466
1060,466
1061,466
1062,466
1063,466
1064,466
1065,466
1066,466
1067,467
1068,467
1069,467
1070,467
1071,467
1072,467
1073,467
1074,467
1075,468
1076,468
1077,468
1078,468
1079,468
1080,468
1081,468
1082,468
1083,468
1084,468
1085,468
1086,468
1087,468
1088,468
1089,468
1090,468
1091,467
1092,467
1093,467
1094,467
1095,467
1096,467
1097,467
1098,467
1099,467
1100,467
1101,467
1102,467
1103,467
1104,467
1105,466
1106,466
1107,466
1108,466
1109,465
1110,465
1111,465
1112,465
1113,464
1114,464
1115,464
1116,464
1117,463
1118,463
1119,463
1120,463
1121,462
1122,462

670,495
670,496
670,497
670,498
670,499
670,500
670,501
670,502
669,503

1019,507
1019,508
1020,509
1020,510
1020,511
1021,512
1021,513
1021,514
1021,515
1022,516
1022,517
1022,518
1023,519
1023,520
1023,521
1024,522
1024,523
1025,524
1025,525
1026,526
1027,527
1028,528
1028,529
1029,530
1030,531
1030,532
1031,533
1032,534
1033,535
1033,536
1034,537
1035,538
1036,539
1036,540
1037,541
1037,542
1038,543
1038,544
1039,545
1039,546
1040,547
1040,548
1039,549
1039,550
1038,551
1038,552
1037,553
1037,554
1036,555
1036,556
1035,557
1034,558
1035,558
1033,559
1032,559
1031,559
1030,559
1029,560
1028,560
1027,560
1026,560
1025,561
1024,561
1023,561
1022,562
1021,562
1020,562
1019,562
1018,563
1017,563
1016,563
1015,563
1014,564
1013,564
1012,564
1011,565
1010,565
1009,565
1008,565
1007,566
1006,566
1005,566
1004,566
1003,567
1002,567

1063,551
1064,552
1065,553
1066,553
1067,554
1068,555
1069,556
1070,557
1071,557
1072,558
1073,559
1074,560
1075,561
1076,561
1077,562
1078,563
1079,564
1080,565
1081,565
1082,566
1083,567
1084,568
1085,569
1086,570
1087,571
1088,572
1089,573
1090,574
1091,575
1092,576
1093,577
1094,578
1095,579
1096,580
1097,581
1098,582
1099,583
1100,584
1101,585
1102,586
1102,587
1101,588
1101,589
1101,590
1100,591
1100,592
1100,593
1100,594
1099,595
1099,596
1099,597
1098,598
1098,599
1098,600
1097,601
1097,602
1097,603
1096,604
1096,605
1096,606
1096,607
1095,608
1095,609
1095,610
1094,611
1094,612

894,556
893,557
892,558
891,559
890,560
889,561
888,562
887,563
886,564
885,565
884,566
883,567
882,568
881,569
880,570
879,571
878,572
877,573
876,574
876,575
875,576
874,577
873,578
873,579
872,580
871,581
871,582
870,583
869,584
869,585
868,586
867,587
866,588
866,589
865,590
864,591
864,592
863,593
863,594
864,595
864,596
865,597
865,598
866,599
866,600
867,601
867,602
868,603
868,604
869,605
869,606
869,607
870,608
870,609
871,610
871,611
872,612
872,613
873,614
873,615
874,616
874,617
875,618
875,619

1008,559
1007,559
1006,559
1005,559
1004,559
1003,559
1002,559
1001,558
1000,558
999,558
998,558
997,558
996,558
995,558
994,558
993,558
992,559
991,559
990,559
989,560
988,560
987,561
986,561
985,561
984,562
983,562
983,563
982,564
982,565
982,566

903,624
904,624
905,624
906,624
907,624
908,624
909,624
910,625
911,625
912,625
913,625
914,625
915,625
916,625
917,625
918,625
919,625
920,625
921,625
922,625
923,625
924,625
925,625
926,625
927,625
928,625
929,625
930,625
931,625
932,625
933,625
934,625
934,626
935,625
935,627
936,625
936,627
937,625
937,627
938,625
938,627
939,625
939,627
940,625
940,627
941,625
941,627
942,625
942,627
943,625
943,627
944,625
944,627
945,625
945,627
946,625
946,627
947,625
947,627
948,625
948,627
949,625
949,627
950,625
950,627
951,626
951,628
952,626
952,628
953,626
953,628
954,626
954,628
955,626
955,628
956,626
956,628
957,626
957,628
958,626
958,628
959,626
959,628
960,626
960,628
961,626
961,628
962,626
962,628
963,626
963,628
964,626
964,628
965,626
965,628
966,626
966,628
967,626
967,628
968,626
968,628
969,626
969,628
970,626
970,628
971,626
971,629
972,626
972,629
973,626
973,629
974,626
974,629
975,626
975,629
976,626
976,629
977,626
977,629
978,626
978,629
979,626
979,629
980,626
980,629
981,626
981,629
982,626
982,629
983,626
983,629
984,625
984,629
985,625
985,628
986,625
986,628
987,625
987,628
988,625
988,628
989,625
989,628
990,625
990,628
991,625
991,628
992,624
992,628
993,624
993,627
994,624
994,627
995,624
995,627
996,624
996,627
997,624
997,627
998,624
998,627
999,624
999,627
1000,623
1000,626
1001,623
1001,626
1002,623
1002,626
1003,623
1003,626
1004,623
1004,626
1005,623
1005,626
1006,623
1006,625
1007,622
1007,625
1008,622
1008,625
1009,622
1009,625
1010,622
1010,625
1011,622
1011,624
1012,622
1012,624
1013,621
1013,624
1014,621
1014,624
1015,621
1015,623
1016,621
1016,623
1017,621
1017,623
1018,621
1018,623
1019,620
1019,623
1020,620
1020,622
1021,620
1021,622
1022,620
1022,622
1023,620
1023,622
1024,620
1024,622
1025,620
1025,621
1026,620
1026,621
1027,619
1027,621
1028,619
1028,621
1029,619
1029,621
1030,619
1030,621
1031,619
1031,620
1032,619
1033,619
1034,619
1034,620
1035,618
1035,620
1036,618
1036,620
1037,618
1037,619
1038,618
1039,618
1040,618
1041,618
1042,618
1043,618
1044,617
1045,617
1046,617
1047,617
1048,617
1049,617
1050,616
1051,616
1052,616
1053,616
1054,616
1055,616
1056,616
1057,615
1058,615
1059,615
1060,615
1061,615
1062,614
1062,615
1063,614
1064,614
1065,614
1066,614
1067,614
1068,613
1069,613
1070,613
1071,612
1071,613
1071,614
1070,611
1070,615
1069,611
1069,616
1068,611
1068,617
1067,611
1067,617
1066,611
1066,618
1065,611
1065,619
1064,610
1064,620
1063,610
1063,621
1062,610
1062,622
1061,610
1061,623
1060,610
1060,624
1059,610
1059,624
1058,610
1058,625
1057,610
1057,626
1056,610
1056,627
1055,609
1055,628
1054,609
1054,629
1053,609
1053,629
1052,609
1052,630
1051,609
1051,631
1050,609
1050,632
1049,609
1049,633
1048,609
1048,633
1047,609
1047,634
1046,609
1046,635
1045,609
1045,635
1044,608
1044,636
1043,608
1043,636
1042,608
1042,637
1041,608
1041,638
1040,608
1040,638
1039,608
1039,639
1038,608
1038,640
1037,607
1037,640
1036,607
1036,641
1035,607
1035,641
1034,607
1034,642
1033,607
1033,643
1032,607
1032,643
1031,607
1031,644
1030,607
1030,644
1029,606
1029,645
1028,606
1028,645
1027,606
1027,646
1026,606
1026,646
1025,606
1025,647
1024,606
1024,647
1023,606
1023,647
1022,605
1022,648
1021,605
1021,648
1020,605
1020,649
1019,605
1019,649
1018,605
1018,650
1017,605
1017,650
1016,605
1016,651
1015,604
1015,651
1014,604
1014,651
1013,604
1013,652
1012,604
1012,652
1011,604
1011,653
1010,604
1010,653
1009,604
1009,654
1008,604
1008,654
1007,603
1007,654
1006,603
1006,654
1005,603
1005,654
1004,603
1004,654
1003,603
1003,655
1002,603
1002,655
1001,604
1001,655
1000,604
1000,655
999,604
999,655
998,604
998,655
997,605
997,655
996,605
996,655
995,605
995,656
994,605
994,656
993,606
993,656
992,606
992,656
991,606
991,656
990,606
990,656
989,606
989,656
988,607
988,656
987,607
987,656
986,607
986,657
985,607
985,657
984,608
984,657
983,608
983,657
982,608
982,657
981,608
981,657
980,609
980,657
979,609
979,657
978,609
978,657
977,609
977,657
976,609
976,657
975,609
975,657
974,609
974,657
973,608
973,657
972,608
972,657
971,608
971,657
970,608
970,657
969,608
969,656
968,608
968,656
967,608
967,656
966,608
966,656
965,607
965,656
964,607
964,656
963,607
963,656
962,607
962,656
961,607
961,656
960,607
960,656
959,607
959,656
958,607
958,656
957,607
957,656
956,606
956,656
955,606
955,655
954,606
954,655
953,606
953,655
952,606
952,654
951,606
951,654
950,607
950,654
949,607
949,653
948,607
948,653
947,607
947,653
946,608
946,652
945,608
945,652
944,608
944,652
943,609
943,652
942,609
942,651
941,609
941,651
940,610
940,651
939,610
939,650
938,610
938,650
937,610
937,650
936,611
936,649
935,611
935,649
934,611
934,648
933,612
933,648
932,612
932,647
931,612
931,647
930,613
930,646
929,613
929,646
928,613
928,645
927,613
927,645
926,614
926,644
925,614
925,644
924,614
924,643
923,615
923,643
922,615
922,642
921,615
921,642
920,616
920,641
919,616
919,641
918,616
918,640
917,616
917,639
916,617
916,638
915,617
915,638
914,617
914,637
913,618
913,636
912,618
912,635
911,618
911,635
910,619
910,634
909,619
909,633
908,619
908,632
907,620
907,632
906,620
906,631
905,620
905,630
904,620
904,629
903,621
903,629
902,621
902,628
901,621
901,627
900,622
900,626
899,622
899,625
898,622
898,625
897,623
897,624

811,626
811,627
812,628
812,629
813,630
813,631
814,632
814,633
815,634
815,635
816,636
816,637
817,638
817,639
818,640
818,641
819,642
819,643
820,644
820,645
821,646
821,647
822,648
822,649
823,650
823,651
824,652
824,653
825,654
825,655
826,656
826,657
827,658
827,659
828,660
828,661
829,662
830,663
831,664
832,665
832,666
833,667
834,668
835,669
836,670
837,671
837,672
838,673
839,674
840,675
841,676
842,677
843,678
843,679
844,680
845,681
846,682
847,683
848,684
848,685
849,686
850,687
851,688
852,689
853,690
854,691
855,691
856,692
857,693
858,694
859,695
860,696
861,697
862,697
863,698
864,699
865,700
866,701
867,702
868,702
869,703
870,704
871,705
872,706
873,707
874,708
875,708
876,709
877,710
878,711
879,712
880,713
881,713
882,714
883,715
884,716
885,716
886,717
887,718
888,719
889,719
890,720
891,721
892,722
893,723
894,723
895,724
896,725
897,726
898,726
899,727
900,728
901,729
902,729
903,730
904,731
905,731
906,732
907,733
908,734
909,734
910,735
911,736
912,736
913,737
914,738
915,738
916,739
917,740
918,741
919,741
920,742
921,743
922,743
923,744
924,744
925,745
926,745
927,745
928,746
929,746
930,746
931,747
932,747
933,748
934,748
935,748
936,749
937,749
938,749
939,750
940,750
941,750
942,751
943,751
944,751
945,752
946,752
947,753
948,753
949,753
950,754
951,754
952,754
953,754
954,754
955,754
956,754
957,754
958,755
959,755
960,755
961,755
962,755
963,755
964,755
965,755
966,755
967,755
968,755
969,755
970,756
971,756
972,756
973,756
974,756
975,756
976,756
977,756
978,756
979,756
980,756
981,756
982,757
983,757
984,757
985,757
986,757
987,757
988,757
989,757
990,757
991,757
992,756
993,756
994,756
995,756
996,756
997,756
998,756
999,756
1000,756
1001,755
1002,755
1003,755
1004,755
1005,755
1006,755
1007,755
1008,755
1009,755
1010,755
1011,754
1012,754
1013,754
1014,754
1015,754
1016,754
1017,754
1018,754
1019,754
1020,753
1021,753
1022,753
1023,753
1024,753
1025,753
1026,752
1027,752
1028,751
1029,751
1030,751
1031,750
1032,750
1033,749
1034,749
1035,749
1036,748
1037,748
1038,747
1039,747
1040,747
1041,746
1042,746
1043,745
1044,745
1045,745
1046,744
1047,744
1048,743
1049,743
1050,743
1051,742
1052,742
1053,741
1054,741
1055,740
1056,740
1057,739
1058,738
1059,738
1060,737
1061,737
1062,736
1063,735
1064,735
1065,734
1066,733
1067,733
1068,732
1069,731
1070,731
1071,730
1072,729
1073,729
1074,728
1075,728
1076,727
1077,726
1078,726
1079,725
1080,724
1081,724
1082,723
1083,722
1084,721
1085,721
1086,720
1087,719
1088,718
1089,718
1090,717
1091,716
1092,715
1093,715
1094,714
1095,713
1096,712
1097,712
1098,711
1099,710
1100,709
1101,709
1102,708
1103,707

1396,640
1396,641
1396,642
1396,643
1396,644
1396,645
1396,646
1395,647
1395,648
1395,649
1395,650
1395,651
1396,651
1397,652
1398,652
1399,653
1400,653
1401,654
1402,654
1403,655
1403,656
1402,657
1401,657
1400,657
1399,657
1398,658
1397,658
1396,658
1395,658
1394,659
1393,658
1393,659
1393,657
1392,659
1392,660
1393,656
1391,659
1392,661
1393,655
1390,658
1392,662
1392,654
1390,657
1391,663
1391,654
1390,656
1391,664
1390,655
1391,665
1391,666
1391,667
1391,668
1391,669
1391,670
1390,671
1390,672
1390,673
1390,674
1390,675
1391,675
1392,675
1393,676
1394,676
1395,676
1396,676
1397,677
1398,677
1399,677
1400,677
1401,678
1402,678
1402,679
1401,680
1401,681
1401,682
1400,683
1400,684
1400,685
1399,686
1399,687
1399,688
1398,689
1398,690
1398,691
1397,692
1397,693
1397,694
1396,695
1396,696
1396,697
1395,698
1395,699
1395,700
1394,701
1394,702
1394,703
1393,704
1393,705
1393,706
1392,707
1392,708
1392,709
1392,710
1391,711
1391,712
1391,713
1390,714
1390,715
1390,716
1389,717
1389,718
1389,719
1388,720
1388,721
1388,722
1387,723
1387,724
1387,725
1386,726
1386,727
1386,728
1385,729
1385,730
1385,731
1384,732
1384,733
1384,734
1383,735
1383,736
1383,737
1382,738
1382,739
1381,740
1380,741
1379,742
1378,743
1377,744
1376,744
1375,745
1374,746
1373,747
1372,748
1371,749
1370,750
1369,751
1368,752
1367,753
1366,753
1365,754
1364,755
1363,756
1362,757
1361,758

1361,783
1361,784
1362,785
1362,786
1363,787
1363,788
1364,789
1364,790
1364,791
1363,792
1363,793
1363,794
1363,795
1363,796
1362,797
1362,798
1362,799
1362,800
1362,801
1361,802
1361,803
1361,804
1361,805
1361,806
1360,807
1360,808
1360,809
1360,810
1360,811
1359,812
1359,813
1359,814
1360,815
1360,816
1361,817
1362,818
1362,819
1363,820
1364,821
1365,822
1365,823
1366,824
1367,825
1367,826
1368,827
1369,828
1369,829
1370,830
1371,831
1372,832
1372,833
1373,834
1374,835
1374,836
1375,837
1376,838
1377,838
1378,839
1379,839
1380,840
1381,840
1382,841
1383,842
1384,842
1385,843
1386,843
1387,844
1388,845
1389,845
1390,846
1391,846
1392,847
1393,847
1394,848
1395,849
1396,849
1397,850
1398,850
1399,851
1400,852
1401,852
1402,853
1403,853
1404,854
1405,854
1406,855
1407,856
1408,856
1409,857
1410,857
1411,858
1412,858
1413,859
1414,860
1415,860
1416,861
1417,861
1418,862
1419,863
1420,863
1421,864
1422,864
1423,865
1424,865
1425,866
1426,867
1427,867
1428,868
1429,868
1430,869
1431,870
1432,870
1433,871
1434,871
1435,872
1436,872
1437,873
1437,874
1437,875
1437,876
1437,877
1436,878
1436,879
1436,880
1436,881
1436,882
1436,883
1436,884
1436,885
1435,886
1435,887
1435,888
1435,889
1435,890
1435,891
1436,892
1436,893
1437,894
1437,895
1438,896
1438,897
1439,898
1439,899
1440,900
1440,901
1441,902
1441,903
1442,904
1442,905
1443,906
1443,907
1443,908
1444,909
1444,910
1445,911
1445,912
1446,913
1446,914
1447,915
1447,916
1448,917
1448,918
1449,919
1449,920
1450,921
1450,922
1450,923
1451,924
1451,925
1452,926
1452,927
1453,928
1453,929
1454,930
1454,931
1455,932
1455,933
1456,934
1456,935
1457,936
1457,937
1458,938
1458,939
1458,940
1459,941
1459,942
1460,943
1460,944
1461,945
1461,946
1462,947
1462,948
1463,949
1463,950
1464,951
1464,952
1465,953
1465,954
1465,955
1466,956
1466,957
1467,958
1467,959
1468,960
1468,961
1469,962
1469,963
1470,964
1470,965
1471,966
1471,967
1472,968
1472,969
1473,970
1473,971
1474,971

693,820
692,820
691,820
690,820
689,821
688,821
687,821
686,821
685,821
684,821
683,821
682,821
681,821
680,821
679,821
678,821
677,821
676,821
675,822
674,822
673,822
672,822
671,822
670,822
669,822
668,822
667,822
666,822
665,822
664,822
663,822
662,822
661,823
660,823
659,823
658,823
657,823
656,823
655,823
654,823
653,823
652,823
651,823
650,823
649,823
648,823
647,824
646,824
645,824
644,824
643,824
642,824
641,824
640,824
639,824
638,824
637,824
636,824
635,824
634,824
633,825
632,825
631,825
630,825
629,825
628,825
627,825
626,825
625,825
624,825
623,825
622,825
621,825
620,825
619,826
618,826
617,826
616,826
615,826
614,826
613,826
612,826
611,826
610,826
609,826
608,826
607,826
606,826
605,827
604,827
603,827
602,827
601,827
600,827
599,827
598,827
597,827
596,827
595,827
594,827
593,827
592,827
591,827
590,828
589,828
588,828
587,828
586,828
585,828
584,828
583,828
582,828
581,828
580,828
579,828
578,828
577,828
576,829
575,829
574,829
573,829
572,829
571,829
570,829
569,829
568,829
567,829
566,829
565,829
564,829
563,829
562,830
561,830
560,830
559,830
558,830
557,830
556,830
555,830
554,830
553,830
552,830
551,830
550,830
549,830
548,831
547,831
546,831
545,831
544,831
543,831
542,831
541,831
540,831
539,831
538,831
537,831
536,831
535,831
534,832
533,832
532,832
531,832
530,832
529,832
528,832
527,832
526,832
525,832
524,832
523,832
522,832
521,832
520,833
519,833
518,833
517,833
516,833
515,833
514,833
513,833
512,833
511,833
510,833
509,833
508,833
507,833
506,834
505,834
504,834
503,834
502,834
501,834
500,834
499,834
498,834
497,835
496,835
495,835
494,836
493,836
492,837
491,837
490,837
489,838
488,838
487,838
486,839
485,839
484,840
483,840
482,840
481,841
480,841
479,841
478,842
477,842
476,843
475,843
474,843
473,844
472,844
471,844
470,845
469,845
468,846
467,846
466,846
465,847
464,847
463,847
462,848
461,848
460,849
459,849
458,849
457,850
456,850
455,850
454,851
453,851
452,852
451,852
450,852
449,853
448,853
447,853
446,854
445,854
444,855
443,855
442,855
441,856
440,856
439,856
438,857
437,857
436,858
435,858
434,858
433,859
432,859
431,859
430,860
429,860
428,861
427,861
426,861
425,862
424,862
423,862
422,863
421,863
420,864
419,864
418,864
417,865
416,865
415,865
414,866
413,866
412,867
411,867
410,867
409,868
408,868
407,869
406,870
405,871
404,872
403,873
403,874
402,875
401,876
400,877
399,878
398,879
397,880
396,881
395,882
394,883
394,884
393,885
392,886
391,887
390,888
389,889
388,890
387,891
386,892
385,893
385,894
384,895
383,896
382,897
381,898
380,899
379,900
378,901
377,902
376,903
376,904
375,905
374,906
373,907
372,908
371,909
370,909
369,909
368,910
367,910
366,910
365,910
364,910
363,911
362,911
361,911
360,911
359,912
358,912
357,912
356,912
355,912
354,913
353,913
352,913
351,913
350,913
349,914
348,914
347,914
346,914
345,914
344,915
343,915
342,915
341,915
340,916
339,916
338,916
337,916
336,916
335,917
334,917
333,917
333,918
332,919
332,920
331,921
331,922
330,923
330,924
329,925
329,926
329,927
328,928
328,929
327,930
327,931
326,932
326,933
325,934
325,935
325,936
324,937
324,938
323,939
323,940
322,941
322,942
322,943
321,944
321,945
320,946
320,947
319,948
319,949
318,950
318,951
317,952
316,953
315,953
314,954
313,955
312,956
311,956
310,957
309,958
308,959
307,960
306,960
305,961
304,962
303,963
302,964
301,964
300,965
299,966
298,967
297,967
296,968
295,969
294,970
293,971
292,971

1498,971
1498,970
1499,969
1499,968
1499,967
1499,966
1499,965
1500,964
1500,963
1500,962
1500,961
1501,960
1501,959
1501,958
1501,957
1501,956
1502,955
1502,954
1502,953
1502,952
1502,951
1503,950
1503,949
1503,948
1504,948
1505,948
1506,948
1507,948
1508,948
1509,948
1510,948
1511,948
1512,948
1513,948
1514,948
1515,949
1516,949
1517,949
1518,949
1519,949
1520,949
1521,949
1522,949
1523,949
1524,949
1525,949
1526,950
1526,951
1527,952
1528,953
1529,954
1529,955
1530,956
1531,957
1532,958
1532,959
1533,960
1534,961
1535,962
1535,963
1536,964
1537,965
1537,966
1538,967
1539,968
1540,969
1540,970
1541,971

1021,136
1022,136
1020,137
1023,136
1019,137
1024,137
1018,138
1025,137
1017,138
1026,137
1016,138
1027,138
1015,139
1028,138
1014,139
1029,138
1013,140
1030,139
1012,140
1031,139
1011,140
1032,139
1010,141
1033,140
1009,141
1034,140
1008,142
1035,140
1007,142
1036,141
1006,142
1037,141
1005,143
1038,141
1004,143
1039,142
1003,143
1040,142
1002,144
1041,142
1001,144
1042,143
1000,145
1043,143
999,145
1044,143
998,145
1045,144
997,146
1046,144
996,146
1047,144
995,147
1048,145
994,147
1049,145
993,147
1050,145
992,148
1051,146
991,148
1052,146
990,149
1053,146
989,149
1054,147
988,149
1055,147
987,150
1056,147
986,150
1057,148
985,151
1058,148
984,151
1059,148
983,151
1060,149
982,152
1061,149
981,152
1062,149
980,153
1063,150
979,153
1064,150
978,153
1065,150
977,154
1066,151
976,154
1067,151
975,154
1068,151
974,155
1069,152
973,155
1070,152
972,156
1071,152
971,156
1072,152
970,156
1073,153
969,157
1074,153
968,157
1075,153
967,158
1076,154
966,158
1077,154
965,158
1078,154
964,159
1079,155
963,159
1080,155
962,160
1081,155
961,160
1082,156
960,160
1083,156
959,159
1084,156
958,159
1085,157
957,159
1086,157
956,159
1087,157
955,158
1088,158
954,158
1089,158
953,158
1090,158
952,158
1091,159
951,157
1092,159
950,157
1093,159
949,157
1094,160
948,156
1095,160
947,156
1096,160
946,156
1097,161
945,156
1098,161
944,155
1099,161
943,155
1100,162
942,155
1101,162
941,155
1102,162
940,154
1103,163
939,154
1104,163
938,154
1105,163
937,154
1106,164
936,153
1107,164
935,153
1108,164
934,153
1109,165
933,152
1110,165
932,152
1111,165
931,152
1112,166
930,152
1113,166
929,151
1114,166
928,151
1115,167
927,151
1116,167
926,151
1117,167
925,150
1118,168
924,150
1119,168
923,150
1120,168
922,149
1121,169
921,149
1122,169
920,149
1123,170
919,149
1124,171
918,148
1125,172
917,148
1126,172
916,148
1127,173
915,148
1128,174
914,147
1129,175
913,147
1130,176
912,147
1131,177
911,147
1132,178
910,146
1133,178
909,146
1134,179
908,146
1135,180
907,145
1136,181
906,145
1137,182
905,145
1138,183
904,145
1139,184
903,144
1140,185
902,144
1141,185
901,144
1142,186
900,144
1143,187
899,143
1144,188
898,143
1145,189
897,143
1146,190
896,144
1147,191
895,144
1148,191
894,144
1149,192
893,144
1150,193
892,145
1151,194
891,145
1152,195
890,145
1153,196
889,145
1154,197
888,146
1155,197
887,146
1156,198
886,146
1157,199
885,146
1158,200
884,147
1159,201
883,147
1160,202
882,147
1161,203
881,147
1162,203
880,148
1163,204
879,148
1164,205
878,148
1165,206
877,148
1166,207
876,149
1167,208
875,149
1168,209
874,149
1169,210
873,149
1170,210
872,150
1171,211
871,150
1172,212
870,150
1173,213
869,150
1174,214
868,151
1175,215
867,151
1176,216
866,151
1177,216
865,151
1178,217
864,152
1179,218
863,152
1180,219
862,152
1181,220
861,152
1182,221
860,153
1183,222
859,153
1184,222
858,153
1185,223
857,153
1186,224
856,154
1187,225
855,154
1188,226
854,154
1189,227
853,154
1190,228
852,155
1191,228
851,155
1192,229
850,155
1193,230
849,155
1194,231
848,156
1195,232
847,156
1196,233
846,156
1197,234
845,156
1198,235
844,157
1199,235
843,157
1200,236
842,157
1201,237
841,157
1202,238
840,158
1203,239
839,158
1204,240
838,158
1205,241
837,158
1206,241
836,159
1207,242
835,159
1208,243
834,159
1209,244
833,159
1210,245
832,160
1211,246
831,160
1212,247
830,160
1213,247
829,160
1214,248
828,161
1215,249
827,161
1216,250
826,161
826,162
1217,251
827,163
1218,252
827,164
1219,253
827,165
1220,253
827,166
1221,254
828,167
1222,255
828,168
1223,256
828,169
1224,257
829,170
1225,258
829,171
1226,259
829,172
1227,260
829,173
1228,260
830,174
1229,261
830,175
1230,262
830,176
1231,263
830,177
1232,264
831,178
1233,265
831,179
1234,266
831,180
1235,266
832,181
1236,267
832,182
1237,268
832,183
1238,269
832,184
1239,270
833,185
1240,271
833,186
1241,272
832,187
1242,272
831,188
1243,273
830,189
1244,274
829,190
1245,275
828,191
1246,276
827,192
1247,277
826,193
1248,278
825,194
1249,278
824,195
1250,279
823,196
1251,280
822,197
1252,281
821,197
1253,282
820,198
1254,283
819,199
1255,284
818,200
1256,285
817,201
1257,285
816,202
1258,286
815,203
1259,287
814,204
1260,288
813,205
1261,289
812,206
1262,290
811,207
1263,291
810,208
1264,291
809,209
1265,292
808,210
1266,293
807,211
1267,294
806,212
1267,295
805,213
1268,296
804,214
1268,297
803,215
1268,298
802,216
1269,299
801,217
1269,300
800,218
1269,301
799,219
1269,302
798,219
1270,303
797,220
1270,304
796,221
1270,305
795,222
1271,306
794,223
1271,307
793,224
1271,308
792,225
1272,309
791,226
1272,310
790,227
1272,311
789,228
1272,312
788,229
1273,313
787,230
1273,314
787,231
1273,315
787,232
1274,316
787,233
1274,317
787,234
1274,318
787,235
1275,319
787,236
1275,320
786,237
1275,321
786,238
1275,322
786,239
1276,323
786,240
1276,324
786,241
1276,325
786,242
1277,326
786,243
1277,327
786,244
1277,328
786,245
1278,329
786,246
1278,330
786,247
1278,331
786,248
1279,332
786,249
1279,333
786,250
1279,334
785,251
1279,335
785,252
1280,336
785,253
1280,337
785,254
1280,338
785,255
1281,339
785,256
1281,340
785,257
1281,341
785,258
1282,342
785,259
1282,343
785,260
1282,344
785,261
1282,345
785,262
1283,346
785,263
1283,347
785,264
1283,348
784,265
1284,349
784,266
1284,350
784,267
1284,351
784,268
1285,352
784,269
1285,353
784,270
1285,354
784,271
1286,355
784,272
1286,356
783,273
1286,357
782,273
1286,358
781,274
1287,359
780,275
1287,360
779,276
1287,361
778,276
1288,362
777,277
1288,363
776,278
1288,364
775,278
1289,365
774,279
1289,366
773,280
1289,367
772,280
1289,368
771,281
1290,369
770,282
1290,370
769,283
1290,371
768,283
1291,372
767,284
1291,373
766,285
1291,374
765,285
1292,375
764,286
1292,376
763,287
1292,377
762,287
1292,378
761,288
1293,379
760,289
1293,380
759,290
1293,381
758,290
1294,382
757,291
1294,383
756,292
1294,384
755,292
1295,385
754,293
1295,386
753,294
1295,387
752,295
1296,388
751,295
1296,389
750,296
1296,390
749,297
1296,391
748,297
1297,392
747,298
1297,393
746,299
1297,394
745,299
1298,395
744,300
1298,396
743,301
1298,397
742,302
1299,398
741,302
1299,399
740,303
1299,400
739,304
1299,401
738,304
1300,402
737,305
1300,403
736,306
1300,404
735,306
1301,405
734,307
1301,406
733,308
1302,407
732,309
1302,408
731,309
1303,409
730,310
1303,410
729,311
1304,411
728,311
1305,412
727,312
1305,413
726,313
1306,414
725,313
1306,415
724,314
1307,416
723,315
1307,417
722,316
1308,418
721,316
1309,419
720,317
1309,420
720,318
1310,421
719,319
1310,422
719,320
1311,423
718,321
1312,424
718,322
1312,425
718,323
1313,426
717,324
1313,427
717,325
1314,428
716,326
1315,429
716,327
1315,430
715,328
1316,431
715,329
1316,432
715,330
1317,433
714,331
1318,434
714,332
1318,435
713,333
1319,436
713,334
1319,437
713,335
1320,438
712,336
1320,439
712,337
1321,440
711,338
1322,441
711,339
1322,442
711,340
1323,443
710,341
1323,444
710,342
1324,445
709,343
1325,446
709,344
1325,447
709,345
1326,448
708,346
1326,449
708,347
1327,450
707,348
1328,451
707,349
1328,452
706,350
1329,453
706,351
1329,454
706,352
1330,455
705,353
1331,456
705,354
1331,457
704,355
1332,458
704,356
1332,459
704,357
1333,460
703,358
1333,461
703,359
1334,462
702,360
1335,463
702,361
1335,464
702,362
1336,465
701,363
1336,466
701,364
1337,467
700,365
1338,468
700,366
1338,469
700,367
1339,470
699,368
1339,471
699,369
1340,472
698,370
1340,473
698,371
1340,474
697,372
1340,475
697,373
1341,476
697,374
1341,477
696,375
1341,478
696,376
1341,479
695,377
1341,480
695,378
1341,481
695,379
1341,482
695,380
1341,483
696,381
1342,484
696,382
1342,485
696,383
1342,486
696,384
1342,487
696,385
1342,488
697,386
1342,489
697,387
1342,490
697,388
1343,491
697,389
1343,492
697,390
1343,493
698,391
1343,494
698,392
1343,495
698,393
1343,496
698,394
1343,497
698,395
1344,498
698,396
1344,499
699,397
1344,500
699,398
1344,501
699,399
1344,502
699,400
1344,503
699,401
1344,504
700,402
1344,505
700,403
1345,506
700,404
1345,507
700,405
1345,508
700,406
1345,509
701,407
1345,510
701,408
1345,511
701,409
1345,512
701,410
1346,513
701,411
1346,514
702,412
1346,515
702,413
1346,516
1347,516
702,414
1348,517
702,415
1349,517
701,416
1350,517
701,417
1351,517
701,418
1352,518
701,419
1353,518
700,420
1354,518
700,421
1355,518
700,422
1356,519
699,423
1357,519
699,424
1358,519
699,425
1359,520
698,426
1360,520
698,427
1361,520
698,428
1362,520
698,429
1363,521
697,430
1364,521
697,431
1365,521
697,432
1366,521
696,433
1367,522
696,434
1368,522
696,435
1369,522
695,436
1370,523
695,437
1371,523
695,438
1372,523
695,439
1373,523
694,440
1374,524
694,441
1375,524
694,442
1376,524
693,443
1377,524
693,444
1378,525
693,445
1379,525
1379,526
692,446
1379,527
692,447
1379,528
692,448
1379,529
692,449
1379,530
691,450
1379,531
691,451
1379,532
691,452
1379,533
690,453
1379,534
690,454
1379,535
690,455
1379,536
689,456
1379,537
689,457
1379,538
689,458
1379,539
689,459
1379,540
688,460
1379,541
688,461
1379,542
688,462
1379,543
687,463
1379,544
687,464
1379,545
687,465
1379,546
686,466
1379,547
686,467
1379,548
686,468
1379,549
686,469
1379,550
685,470
1379,551
685,471
1379,552
685,472
1379,553
686,473
1379,554
686,474
1378,555
686,475
1378,556
686,476
1378,557
687,477
1378,558
687,478
1378,559
687,479
1378,560
687,480
1378,561
688,481
1378,562
688,482
1378,563
688,483
1378,564
689,484
1378,565
689,485
1378,566
689,486
1378,567
689,487
1378,568
690,488
1378,569
690,489
1378,570
690,490
1378,571
690,491
1378,572
691,492
1378,573
691,493
1378,574
691,494
1378,575
692,495
1378,576
692,496
1378,577
692,497
1378,578
692,498
1378,579
693,499
1378,580
693,500
1378,581
693,501
1378,582
694,502
1378,583
694,503
1378,584
694,504
1379,585
694,505
1379,586
695,506
1380,587
695,507
1381,588
695,508
1381,589
695,509
1382,590
696,510
1382,591
696,511
1383,592
695,512
1384,593
694,512
1384,594
693,513
1385,595
692,513
1386,596
691,514
1386,597
690,515
1387,598
689,515
1388,599
688,516
1388,600
687,516
1389,601
686,517
1390,602
685,518
1390,603
684,518
1391,604
683,519
1391,605
682,519
1392,606
681,520
1393,607
680,521
1393,608
679,521
1394,609
678,522
1393,610
677,522
1392,611
676,523
1392,612
675,523
1391,613
674,524
1390,614
673,525
1389,615
672,525
1389,616
671,526
1388,617
670,526
1387,618
669,527
1386,619
668,528
1386,620
667,528
1385,621
666,529
1384,622
665,529
1383,623
664,530
1382,624
664,531
1382,625
664,532
1381,626
664,533
1380,627
664,534
1379,628
663,535
1379,629
663,536
1378,630
663,537
1377,631
663,538
1376,632
663,539
1376,633
663,540
1375,634
663,541
1374,635
663,542
1373,636
662,543
1372,637
662,544
1372,638
662,545
1371,639
662,546
1370,640
662,547
1369,641
662,548
1369,642
662,549
1368,643
662,550
1367,644
661,551
1366,645
661,552
1366,646
661,553
1365,647
661,554
1364,648
661,555
1363,649
661,556
1362,650
661,557
1362,651
661,558
1361,652
661,559
1360,653
660,560
1359,654
660,561
1359,655
660,562
1358,656
660,563
1357,657
660,564
1356,658
660,565
1356,659
660,566
1355,660
660,567
1354,661
659,568
1353,662
659,569
1352,663
659,570
1352,664
659,571
1351,665
659,572
1350,666
659,573
1349,667
659,574
1349,668
659,575
1348,669
659,576
1347,670
658,577
1346,671
658,578
1346,672
658,579
1345,673
658,580
1344,674
658,581
1344,675
658,582
1344,676
658,583
1344,677
658,584
1344,678
657,585
1344,679
657,586
1344,680
657,587
1344,681
657,588
1344,682
657,589
1344,683
657,590
1344,684
657,591
1344,685
657,592
1344,686
656,593
1344,687
656,594
1344,688
656,595
1344,689
656,596
1343,690
656,597
1343,691
656,598
1343,692
656,599
1343,693
656,600
1343,694
656,601
1343,695
655,602
1343,696
655,603
1343,697
655,604
1343,698
655,605
1343,699
655,606
1343,700
655,607
1343,701
655,608
1343,702
655,609
1343,703
654,610
1343,704
654,611
1343,705
654,612
1343,706
654,613
1343,707
654,614
1343,708
654,615
1343,709
654,616
1343,710
654,617
1343,711
654,618
1343,712
653,619
1343,713
653,620
1343,714
653,621
1343,715
653,622
1343,716
653,623
1343,717
653,624
1343,718
653,625
1343,719
653,626
1343,720
652,627
1342,721
652,628
1342,722
652,629
1342,723
652,630
1342,724
652,631
1342,725
652,632
1342,726
652,633
1342,727
652,634
1342,728
651,635
1342,729
651,636
1342,730
651,637
1342,731
651,638
1342,732
651,639
1342,733
651,640
1342,734
651,641
1342,735
651,642
1342,736
651,643
1342,737
650,644
1342,738
650,645
1342,739
650,646
1342,740
650,647
1342,741
650,648
1342,742
650,649
1342,743
650,650
1342,744
650,651
1342,745
649,652
1342,746
649,653
1342,747
649,654
1342,748
649,655
1342,749
649,656
1342,750
649,657
1342,751
650,658
1342,752
650,659
1341,753
650,660
1341,754
651,661
1341,755
651,662
1341,756
651,663
1341,757
652,664
1341,758
652,665
1341,759
652,666
1341,760
653,667
1341,761
653,668
1341,762
653,669
1341,763
654,670
1341,764
654,671
1341,765
654,672
1341,766
655,673
1341,767
655,674
1341,768
655,675
1341,769
656,676
1341,770
656,677
1341,771
656,678
1341,772
656,679
1341,773
657,680
1341,774
657,681
1341,775
657,682
1341,776
658,683
1341,777
658,684
1341,778
658,685
1341,779
659,686
1341,780
659,687
1341,781
659,688
1341,782
660,689
1341,783
660,690
1340,784
660,691
1340,785
661,692
1340,786
661,693
1340,787
661,694
1340,788
662,695
1340,789
662,696
1340,790
662,697
1340,791
663,698
1340,792
663,699
1340,793
663,700
1340,794
664,701
1340,795
664,702
1340,796
664,703
1340,797
665,704
1340,798
665,705
1340,799
665,706
1339,800
666,707
1339,801
666,708
1338,802
666,709
1337,803
667,710
1337,804
667,711
1336,805
667,712
1335,806
668,713
1335,807
668,714
1334,808
668,715
1333,809
669,716
1332,810
669,717
1332,811
669,718
1331,812
669,719
1330,813
670,720
1330,814
670,721
1329,815
670,722
1328,816
671,723
1328,817
671,724
1327,818
671,725
1326,819
672,726
1326,820
672,727
1325,821
672,728
1324,822
673,729
1324,823
673,730
1323,824
673,731
1322,825
674,732
1321,826
674,733
1321,827
674,734
1320,828
675,735
1319,829
675,736
1319,830
675,737
1318,831
676,738
1317,832
676,739
1317,833
677,740
1316,834
678,741
1315,834
679,742
1314,835
680,743
1313,835
681,744
1312,835
682,745
1311,835
683,746
1310,836
684,747
1309,836
685,748
1308,836
685,749
1307,836
686,750
1306,837
687,751
1305,837
688,752
1304,837
689,753
1303,837
690,754
1302,838
691,755
1301,838
692,756
1300,838
693,757
1299,838
694,758
1298,839
695,759
1297,839
696,760
1296,839
697,761
1295,839
698,762
1294,840
699,763
1293,840
700,764
1292,840
701,765
1291,840
702,766
1290,841
703,767
1289,841
704,768
1288,841
704,769
1287,841
705,770
1286,842
706,771
1285,842
707,772
1284,842
708,773
1283,842
709,774
1282,843
710,775
1281,843
711,776
1280,843
712,777
1279,843
713,778
1278,844
714,779
1277,844
714,780
1276,844
713,781
1275,844
713,782
1274,845
713,783
1273,845
712,784
1272,845
712,785
1271,845
712,786
1270,846
711,787
1269,846
711,788
1268,846
711,789
1267,845
710,790
1266,845
710,791
1265,844
710,792
1264,844
710,793
1263,843
709,794
1262,843
709,795
1261,843
709,796
1260,842
708,797
1259,842
708,798
1258,841
708,799
1257,841
707,800
1256,840
707,801
1255,840
707,802
1254,840
706,803
1253,839
706,804
1252,839
707,805
1251,838
708,806
1250,838
709,806
1249,838
710,807
1248,837
711,808
1247,837
712,809
1246,836
713,810
1245,836
714,810
1244,835
715,811
1243,835
716,812
1242,835
717,813
1241,834
718,814
1240,834
719,814
1239,833
720,815
1238,833
721,816
1237,832
722,817
1236,832
723,818
1235,832
724,818
1234,831
725,819
1233,831
726,820
1232,830
727,821
1231,830
728,822
1230,829
729,822
1229,829
730,823
1228,829
731,824
1227,828
731,825
1226,828
731,826
1225,827
732,827
1224,827
732,828
1223,827
732,829
1222,826
732,830
1221,826
732,831
1220,825
732,832
1219,825
733,833
1218,824
733,834
1217,824
733,835
1216,824
733,836
1215,823
733,837
1214,823
734,838
1213,822
734,839
1212,822
734,840
1211,821
734,841
1210,821
734,842
1209,821
734,843
1208,820
735,844
1207,820
735,845
1206,819
735,846
1205,819
735,847
1204,818
735,848
1203,818
736,849
1202,818
736,850
1201,817
736,851
1200,817
736,852
1199,816
736,853
1198,816
736,854
1197,816
737,855
1196,815
737,856
1195,815
737,857
1194,814
737,858
1193,814
737,859
1192,813
738,860
1191,813
738,861
1190,813
738,862
1189,812
738,863
1188,812
738,864
1187,811
739,865
1186,811
739,866
1185,810
739,867
1184,810
739,868
1183,810
739,869
1182,811
739,870
1181,811
740,871
1180,811
740,872
1179,811
740,873
1178,812
740,874
1177,812
740,875
1176,812
741,876
1175,812
741,877
1174,813
741,878
1173,813
741,879
1172,813
741,880
1171,814
741,881
1170,814
742,882
1169,814
742,883
1168,814
742,884
743,884
1167,815
744,884
1166,815
745,884
1165,815
746,884
1164,815
747,884
1163,816
748,884
1162,816
749,884
1161,816
750,884
1160,817
751,884
1159,817
752,884
1158,817
753,884
1157,817
754,884
1156,818
755,884
1155,818
756,883
1154,818
757,883
1153,818
758,883
1152,819
759,883
1151,819
760,883
1150,819
761,883
1149,820
762,883
1148,820
763,883
1147,820
764,883
1146,820
765,883
1145,821
766,883
1144,821
767,883
1143,821
768,883
1142,821
769,883
1141,822
770,883
1140,822
771,883
1139,822
772,883
1138,823
773,883
1137,823
774,883
1136,823
775,883
1135,823
776,883
1134,824
777,883
1133,824
778,883
1132,824
779,883
1131,824
780,883
1130,825
781,883
1129,825
782,883
1128,825
783,882
1127,826
784,882
1126,826
785,882
1125,826
786,882
1124,826
787,882
1123,827
788,882
1122,827
789,882
1121,827
790,882
1120,827
791,882
1119,828
792,882
1118,828
793,882
1117,828
794,882
1116,829
795,882
1115,829
796,882
1114,829
797,881
1113,829
798,880
1112,830
799,880
1111,830
800,879
1110,830
801,878
1109,830
802,877
1108,831
803,877
1107,831
804,876
1106,830
805,875
1105,829
806,874
1104,828
807,873
1103,828
808,873
1102,827
809,872
1101,826
810,871
1100,825
811,870
1099,824
812,869
1098,823
813,869
1097,822
814,868
1096,822
815,867
1095,821
816,866
1094,820
817,866
1093,819
818,865
1092,818
819,864
1091,817
820,863
1090,816
821,862
1089,815
822,862
1088,815
823,861
1087,814
824,860
1086,813
825,859
1085,812
826,859
1084,811
827,858
1083,810
828,857
1082,809
829,856
1081,809
830,855
1080,808
831,855
1079,807
832,854
1078,806
833,853
1077,805
834,852
1076,804
835,851
1075,803
836,851
1074,803
837,850
1073,802
838,849
1072,801
839,848
1071,800
840,848
1071,799
841,847
1072,798
842,846
1072,797
843,845
1073,796
844,844
1073,795
845,844
1073,794
846,843
1074,793
847,842
1074,792
848,841
1075,791
849,840
1075,790
850,840
1075,789
851,839
1076,788
852,838
1076,787
853,837
1077,786
854,837
1077,785
855,836
1077,784
856,835
1078,783
857,835
1078,782
858,835
1079,781
859,834
1079,780
860,834
1079,779
861,834
1080,778
862,834
1080,777
863,834
1081,776
864,833
1081,775
865,833
1081,774
866,833
1082,773
867,833
1082,772
868,833
1083,771
869,833
1083,770
870,832
1083,769
871,832
1084,768
872,832
1084,767
873,832
1085,766
874,832
1085,765
875,831
1085,764
876,831
1086,763
877,831
1086,762
878,831
1087,761
879,831
1087,760
880,830
1087,759
881,830
1088,758
882,830
1088,757
883,830
1089,756
884,830
1089,755
885,829
1089,754
886,829
1090,753
887,829
1090,752
888,829
1091,751
889,829
1091,750
890,828
1091,749
891,828
1092,748
892,828
1092,747
893,828
1093,746
894,828
1093,745
895,828
1093,744
896,827
1094,743
897,827
1094,742
898,827
1095,741
899,827
1095,740
900,827
1095,739
901,826
1096,738
902,826
1096,737
903,825
903,826
1097,736
903,824
1097,735
903,823
1097,734
903,822
1098,733
903,821
1098,732
903,820
1099,731
903,819
1099,730
902,818
1099,729
902,817
1100,728
902,816
1100,727
902,815
1101,726
902,814
1101,725
902,813
1101,724
902,812
1102,723
902,811
1102,722
902,810
1103,721
902,809
1103,720
902,808
1103,719
902,807
1104,718
902,806
1104,717
902,805
1105,716
902,804
1105,715
901,803
1106,714
901,802
1107,713
901,801
1108,712
901,800
1108,711
901,799
1109,710
901,798
1110,709
901,797
1111,708
901,796
1112,707
901,795
1113,706
901,794
1113,705
901,793
1114,704
901,792
1115,703
901,791
1116,702
901,790
1117,701
901,789
1118,700
900,788
1118,699
900,787
1119,698
900,786
1120,697
900,785
1121,696
900,784
1122,695
900,783
1123,694
900,782
1123,693
900,781
1124,692
900,780
1125,691
900,779
1126,690
900,778
1127,689
900,777
1128,688
900,776
1128,687
900,775
1129,686
900,774
1130,685
900,773
1131,684
899,772
1132,683
899,771
1133,682
899,770
1133,681
899,769
1134,680
899,768
1135,679
899,767
1136,678
899,766
1137,677
899,765
1138,676
899,764
1138,675
899,763
1139,674
899,762
1140,673
899,761
1141,672
899,760
1142,671
899,759
1143,670
899,758
1143,669
898,757
1144,668
898,756
1145,667
898,755
1146,666
898,754
1147,665
898,753
1148,664
898,752
1148,663
898,751
1149,662
898,750
1150,661
898,749
1151,660
898,748
1152,659
898,747
1153,658
898,746
1153,657
898,745
1154,656
898,744
1155,655
898,743
1156,654
897,742
1157,653
897,741
1158,652
897,740
1158,651
897,739
1159,650
897,738
1160,649
897,737
1161,648
897,736
1162,647
897,735
1163,646
896,734
1163,645
895,733
1164,644
894,732
1165,643
893,731
1166,642
892,730
1166,641
891,729
1167,640
890,728
1167,639
889,727
1168,638
888,726
1168,637
887,725
1168,636
886,724
1169,635
885,723
1169,634
884,723
1169,633
883,722
1170,632
882,721
1170,631
881,720
1171,630
880,719
1171,629
879,718
1171,628
878,717
1172,627
877,716
1172,626
876,715
1173,625
875,714
1173,624
874,713
1173,623
873,712
1174,622
872,711
1174,621
871,710
1174,620
870,709
1175,619
869,708
1175,618
868,707
1176,617
867,706
1176,616
866,705
1176,615
865,704
1177,614
864,703
1177,613
863,702
1178,612
862,701
1178,611
861,700
1178,610
860,700
1179,609
859,699
1179,608
858,698
1179,607
857,697
1180,606
856,696
1180,605
855,695
1181,604
854,694
1181,603
853,693
1181,602
852,692
1182,601
851,691
1182,600
850,690
1183,599
849,689
1183,598
848,688
1183,597
847,687
1184,596
846,686
1184,595
845,685
1184,594
844,684
1185,593
843,683
1185,592
842,682
1186,591
841,681
1186,590
840,680
1186,589
839,679
1187,588
838,678
1187,587
837,677
1188,586
836,677
1188,585
835,676
1188,584
834,675
1189,583
833,674
1189,582
832,673
1189,581
831,672
1190,580
830,671
1190,579
829,670
1191,578
828,669
1191,577
827,668
1191,576
826,667
1191,575
825,666
1191,574
824,665
1191,573
823,664
1191,572
823,663
1192,571
822,662
1192,570
822,661
1192,569
821,660
1192,568
821,659
1192,567
820,658
1192,566
820,657
1192,565
819,656
1192,564
819,655
1192,563
818,654
1192,562
818,653
1192,561
817,652
1192,560
817,651
1193,559
816,650
1193,558
816,649
1193,557
815,648
1193,556
815,647
1193,555
814,646
1193,554
814,645
1193,553
813,644
1193,552
813,643
1193,551
812,642
1193,550
812,641
1193,549
811,640
1194,548
811,639
1194,547
810,638
1194,546
810,637
1194,545
809,636
1194,544
809,635
1194,543
808,634
1194,542
808,633
1194,541
807,632
1194,540
807,631
1194,539
806,630
1194,538
806,629
1194,537
805,628
1195,536
805,627
1195,535
804,626
1195,534
804,625
1195,533
803,624
1195,532
803,623
1195,531
802,622
1195,530
802,621
1195,529
801,620
1195,528
801,619
1195,527
800,618
1195,526
800,617
1196,525
800,616
1196,524
800,615
1196,523
799,614
1196,522
799,613
1196,521
799,612
1196,520
799,611
1196,519
799,610
1196,518
799,609
1196,517
799,608
1196,516
798,607
1196,515
798,606
1196,514
798,605
1197,513
798,604
1197,512
798,603
1197,511
798,602
1197,510
798,601
1197,509
798,600
1197,508
797,599
1197,507
797,598
1197,506
797,597
1196,505
797,596
1196,504
797,595
1196,503
797,594
1196,502
797,593
1196,501
796,592
1195,500
796,591
1195,499
796,590
1195,498
796,589
1195,497
796,588
1195,496
796,587
1194,495
796,586
1194,494
795,585
1194,493
795,584
1194,492
795,583
1194,491
795,582
1194,490
795,581
1193,489
795,580
1193,488
795,579
1193,487
795,578
1193,486
794,577
1193,485
794,576
1192,484
794,575
1192,483
794,574
1192,482
794,573
1192,481
794,572
1192,480
794,571
1191,479
793,570
1191,478
793,569
1191,477
793,568
1191,476
793,567
1191,475
793,566
1190,474
793,565
1190,473
793,564
1190,472
792,563
1190,471
792,562
1190,470
792,561
1189,469
792,560
1189,468
792,559
1189,467
792,558
1189,466
792,557
1189,465
792,556
1189,464
791,555
1188,463
791,554
1188,462
791,553
1188,461
791,552
1188,460
791,551
1188,459
791,550
1187,458
791,549
1187,457
790,548
1187,456
790,547
1187,455
790,546
1187,454
790,545
1186,453
790,544
1186,452
790,543
1186,451
790,542
1186,450
789,541
1186,449
789,540
1185,448
789,539
1185,447
789,538
1185,446
789,537
1185,445
789,536
1185,444
789,535
1184,443
789,534
1184,442
788,533
1184,441
788,532
1184,440
788,531
1184,439
788,530
1183,438
788,529
1183,437
788,528
1183,436
788,527
1183,435
787,526
1183,434
787,525
1183,433
787,524
1182,432
787,523
1182,431
787,522
1182,430
787,521
1182,429
787,520
1182,428
786,519
1181,427
786,518
1181,426
786,517
1181,425
786,516
1181,424
786,515
1181,423
786,514
1180,422
786,513
1180,421
786,512
1180,420
785,511
1180,419
785,510
1180,418
785,509
1179,417
785,508
1179,416
785,507
1179,415
785,506
1179,414
785,505
1179,413
784,504
1178,412
784,503
1178,411
784,502
1178,410
784,501
1178,409
784,500
1178,408
784,499
1177,407
784,498
1177,406
783,497
1177,405
783,496
1177,404
783,495
1177,403
783,494
1177,402
783,493
1176,401
783,492
1176,400
783,491
1176,399
783,490
1176,398
782,489
1176,397
782,488
1175,396
782,487
1175,395
782,486
1175,394
782,485
1175,393
782,484
1175,392
782,483
1174,391
783,482
1174,390
783,481
1174,389
783,480
1174,388
783,479
1174,387
783,478
1173,386
783,477
1173,385
784,476
1173,384
784,475
1173,383
784,474
1173,382
784,473
1172,381
784,472
1172,380
784,471
1172,379
785,470
1172,378
785,469
1172,377
785,468
1172,376
785,467
1171,375
785,466
1171,374
785,465
1171,373
786,464
1171,372
786,463
1171,371
786,462
1170,370
786,461
1170,369
786,460
1170,368
786,459
1170,367
787,458
1170,366
787,457
1169,365
787,456
1169,364
787,455
1169,363
787,454
1168,362
787,453
1168,361
788,452
1167,360
788,451
1166,359
788,450
1165,358
788,449
1165,357
788,448
1164,356
788,447
1163,355
789,446
1163,354
789,445
1162,353
789,444
1161,352
789,443
1161,351
789,442
1160,350
789,441
1159,349
790,440
1158,348
790,439
1158,347
790,438
1157,346
790,437
1156,345
790,436
1156,344
790,435
1155,343
791,434
1154,342
791,433
1153,341
791,432
1153,340
791,431
1152,339
791,430
1151,338
791,429
1151,337
792,428
1150,336
792,427
1149,335
792,426
1148,334
792,425
1148,333
792,424
1147,332
792,423
1146,331
793,422
1146,330
793,421
1145,329
793,420
1144,328
793,419
1144,327
793,418
1143,326
793,417
1142,325
794,416
1141,324
794,415
1141,323
794,414
1140,322
794,413
1139,321
794,412
1139,320
794,411
1138,319
795,410
1137,318
795,409
1136,317
795,408
1136,316
795,407
1135,315
795,406
1134,314
795,405
1134,313
796,404
1133,312
796,403
1132,311
796,402
1132,310
796,401
1131,309
796,400
1130,308
796,399
1129,307
797,398
1129,306
797,397
1128,305
797,396
1127,304
797,395
1127,303
798,394
1126,302
799,393
1125,301
800,393
1124,300
801,392
1124,299
802,391
1123,298
803,390
1122,297
804,389
1122,296
805,388
1121,295
806,387
806,388
1120,294
807,386
807,387
1119,293
807,385
808,386
808,387
1119,292
808,384
809,385
809,387
1118,291
809,383
810,384
810,386
1117,290
810,382
811,383
811,386
1117,289
810,381
812,383
812,386
1116,288
811,380
813,382
813,386
1115,287
812,379
814,381
814,385
1115,286
813,378
815,380
815,385
1114,285
814,377
815,379
816,385
1113,284
815,376
815,377
815,378
817,384
1112,283
815,375
816,375
818,384
1112,282
816,374
819,384
1111,281
816,373
820,383
1110,280
816,372
817,372
821,383
1110,279
816,371
818,371
822,383
1109,278
816,370
819,370
823,383
1108,277
816,369
820,370
824,382
1107,276
816,368
821,369
825,382
1107,275
817,367
822,369
826,382
1106,274
817,366
823,368
827,381
1105,273
817,365
824,368
828,381
1105,272
817,364
825,368
829,381
1104,271
817,363
826,367
830,380
1103,270
817,362
827,367
831,380
1103,269
817,361
828,367
832,380
1102,268
817,360
829,366
833,379
1101,267
817,359
830,366
834,379
1100,266
818,358
831,365
835,379
1100,265
818,357
832,365
836,379
1099,264
818,356
833,365
837,378
1098,263
818,355
834,364
838,378
1098,262
818,354
835,364
839,378
1097,261
818,353
836,363
840,377
1096,260
818,352
837,363
841,377
1095,259
818,351
838,363
842,377
1095,258
819,350
839,362
843,376
1094,257
819,349
840,362
844,376
1093,256
819,348
841,362
845,376
1093,255
819,347
842,361
846,376
1092,254
819,346
843,361
847,375
1091,253
820,345
844,360
848,375
1090,252
820,344
845,360
849,375
1090,251
821,343
846,360
850,374
1089,250
822,342
847,360
851,374
1088,249
822,341
848,360
852,374
1088,248
823,340
849,360
853,374
1087,247
824,339
850,360
854,374
1086,246
824,338
851,360
855,374
1086,245
825,337
852,360
856,374
1085,244
826,336
853,360
857,374
1084,243
826,335
854,360
858,374
1083,242
827,334
855,360
859,374
1083,241
828,333
856,360
860,374
1082,240
828,332
857,360
861,374
1081,240
829,331
858,360
862,374
1080,240
830,330
859,360
863,374
1079,239
830,329
860,360
864,374
1078,239
831,328
861,360
865,374
1077,239
832,327
862,360
866,374
1076,239
832,326
863,359
867,374
1075,239
833,325
864,359
868,374
1074,239
834,324
865,359
869,374
1073,238
834,323
866,359
870,374
1072,238
835,322
867,359
871,374
1071,238
836,321
868,359
872,374
1070,238
836,320
869,359
873,374
1069,238
837,319
870,359
874,374
1068,238
838,318
871,359
875,374
1067,237
838,317
872,359
876,374
1066,237
839,316
873,359
877,374
1065,237
840,315
874,359
878,374
1064,237
840,314
875,359
879,374
1063,237
841,313
876,359
880,374
1062,237
842,312
877,359
881,374
1061,236
842,311
878,359
882,374
1060,236
843,310
879,359
883,374
1059,236
844,309
880,359
884,374
1058,236
844,308
881,359
885,374
1057,236
845,307
882,359
886,375
1056,236
846,306
883,359
887,375
1055,235
846,305
884,359
888,375
1054,235
847,304
885,359
889,375
1053,235
848,303
886,359
890,376
1052,235
848,302
887,359
891,376
1051,235
849,301
888,360
892,376
1050,235
850,300
889,360
893,377
1049,234
850,299
890,360
894,377
1048,234
851,298
891,360
895,377
1047,234
852,297
892,360
896,377
1046,234
852,296
893,360
897,378
1045,234
853,295
894,360
898,378
1044,233
854,294
895,360
899,378
1043,233
854,293
896,360
900,379
1042,233
855,292
897,360
901,379
1041,233
856,291
898,360
902,379
1040,233
856,290
899,360
903,379
1039,233
857,289
900,360
904,380
1038,232
858,288
901,360
905,380
1037,232
858,287
902,361
906,380
1036,232
859,286
903,361
907,380
1035,232
860,285
904,361
908,381
1034,232
860,284
905,361
909,381
1033,232
861,283
906,361
910,381
1032,231
862,282
907,361
911,382
1031,231
862,281
908,361
912,382
1030,231
863,280
909,361
913,382
1029,231
864,279
910,361
914,382
1028,231
864,278
911,361
915,383
1027,231
865,277
912,361
916,383
1026,230
866,276
913,361
917,383
1025,230
866,275
914,361
918,384
1024,230
867,274
915,361
919,384
1023,230
868,273
916,362
920,384
1022,230
868,272
917,362
921,384
1021,230
869,271
918,362
922,385
1020,229
870,270
919,362
923,385
1019,229
870,269
920,362
924,385
1018,229
871,268
921,362
925,386
1017,229
872,267
922,362
926,386
1016,229
872,266
923,362
923,363
927,386
1015,229
873,265
924,364
928,386
1014,228
874,264
924,365
929,385
929,387
1013,228
874,263
924,366
929,384
930,386
930,387
1012,228
875,262
924,367
929,383
1011,228
876,261
925,368
929,382
1010,228
876,260
925,369
928,381
1009,227
877,259
925,370
928,380
1008,227
878,258
926,371
928,379
1007,227
878,257
926,372
927,378
1006,227
879,256
926,373
927,377
1005,227
880,255
926,374
927,376
1004,227
880,254
927,375
1003,226
881,253
1002,226
882,252
1001,226
882,251
1000,226
883,250
999,226
884,249
998,226
884,248
997,225
885,247
996,225
886,246
995,225
887,246
994,225
888,245
993,225
889,245
992,225
890,244
991,224
891,244
990,224
892,243
989,224
893,243
988,224
894,242
987,224
895,242
986,224
896,241
985,223
897,240
984,223
898,240
983,223
899,239
982,223
900,239
981,223
901,238
980,223
902,238
979,222
903,237
978,222
904,237
977,222
905,236
976,222
906,236
975,222
907,235
974,221
908,234
973,221
909,234
972,221
910,233
971,221
911,233
970,221
912,232
969,221
913,232
968,220
914,231
967,220
915,231
966,220
916,230
965,220
917,230
964,220
918,229
963,220
919,229
962,219
920,228
961,219
921,227
960,219
922,227
959,219
923,226
958,219
924,226
957,219
925,225
956,218
926,225
955,218
927,224
954,218
928,224
953,218
929,223
952,218
930,223
951,218
931,222
950,217
932,221
949,217
933,221
948,217
934,220
947,217
935,220
946,217
936,219
945,217
937,219
944,216
938,218
943,216
939,218
942,216
940,217
941,217

1082,357
1083,357
1081,358
1084,357
1080,358
1085,357
1079,358
1086,357
1078,358
1087,357
1077,358
1088,357
1076,358
1089,357
1075,358
1090,357
1074,358
1091,357
1073,358
1092,357
1072,358
1093,357
1071,358
1094,357
1070,358
1095,357
1069,358
1096,357
1068,358
1097,357
1067,358
1098,357
1066,358
1099,357
1065,358
1100,357
1064,358
1101,357
1063,358
1102,357
1062,358
1103,358
1061,358
1104,358
1060,358
1105,358
1059,358
1106,359
1058,358
1107,359
1057,359
1108,359
1056,359
1109,360
1055,359
1110,360
1054,359
1111,360
1053,359
1112,361
1052,359
1113,361
1051,359
1114,361
1050,359
1115,362
1049,359
1116,362
1048,360
1117,362
1047,360
1118,363
1046,360
1119,363
1045,360
1120,363
1044,360
1121,364
1043,360
1122,364
1042,360
1123,364
1041,360
1124,365
1040,360
1125,365
1039,361
1126,365
1038,361
1127,366
1037,361
1128,366
1036,361
1129,366
1035,361
1130,367
1034,361
1131,367
1033,361
1132,368
1032,361
1133,369
1031,361
1134,370
1030,361
1135,371
1029,362
1136,372
1028,362
1137,373
1027,362
1138,374
1026,362
1139,375
1025,362
1140,376
1024,362
1141,377
1023,362
1142,378
1022,362
1143,379
1021,362
1144,380
1020,363
1145,381
1019,363
1146,382
1018,363
1147,383
1017,363
1148,384
1016,363
1016,364
1149,385
1016,365
1150,386
1015,366
1149,387
1015,367
1148,387
1015,368
1147,388
1015,369
1146,389
1015,370
1145,390
1014,371
1144,390
1014,372
1143,391
1014,373
1142,392
1014,374
1141,393
1014,375
1140,393
1013,376
1139,394
1013,377
1138,393
1013,378
1137,392
1013,379
1136,392
1013,380
1135,391
1013,381
1134,390
1012,382
1133,389
1012,383
1132,389
1012,384
1131,388
1012,385
1130,387
1012,386
1129,386
1011,387
1128,385
1011,388
1127,385
1011,389
1012,389
1126,384
1013,388
1125,383
1014,388
1124,382
1015,388
1123,382
1016,387
1122,381
1017,387
1121,380
1018,387
1120,380
1019,387
1119,379
1020,386
1118,379
1021,386
1117,379
1022,386
1116,379
1023,385
1115,378
1024,385
1114,378
1025,385
1113,378
1026,384
1112,378
1027,384
1111,377
1028,384
1110,377
1029,383
1109,377
1030,383
1108,376
1031,383
1107,376
1032,382
1106,376
1033,382
1105,376
1034,382
1104,375
1035,382
1103,375
1036,381
1102,375
1037,381
1101,375
1038,381
1100,374
1039,380
1099,374
1040,380
1098,374
1041,380
1097,374
1042,379
1096,373
1043,379
1095,373
1044,379
1094,373
1045,378
1093,373
1046,378
1092,373
1047,378
1091,373
1048,377
1090,373
1049,377
1089,373
1050,377
1088,373
1051,377
1087,373
1052,376
1086,373
1053,376
1085,373
1054,376
1084,373
1055,375
1083,373
1056,375
1082,373
1057,375
1081,373
1058,374
1080,373
1059,374
1079,373
1060,374
1078,373
1061,374
1077,374
1062,374
1076,374
1063,374
1075,374
1064,374
1074,374
1065,374
1073,374
1066,374
1072,374
1067,374
1071,374
1068,374
1070,374
1069,374

1488,936
1489,936
1487,937
1490,936
1486,938
1491,936
1485,939
1492,936
1485,940
1493,936
1484,941
1494,937
1485,942
1495,937
1486,943
1496,937
1496,938
1487,944
1497,939
1488,944
1497,940
1489,944
1497,941
1490,944
1497,942
1491,944
1496,943
1492,944
1495,944
1493,944
1494,944

